Initialized native services in: /home/boniface/.gradle/native
Initialized jansi services in: /home/boniface/.gradle/native
The client will now receive all logging from the daemon (pid: 53141). The daemon log file: /home/boniface/.gradle/daemon/9.0.0/daemon-53141.out.log
Starting 17th build in daemon [uptime: 2 hrs 56 mins 47.885 secs, performance: 100%, GC rate: 0.00/s, heap usage: 7% of 2 GiB, non-heap usage: 46% of 512 MiB]
Using 4 worker leases.
Invalidating in-memory cache of /home/boniface/project/BiblePABMobile/android/.gradle/9.0.0/fileHashes/fileHashes.bin
Invalidating in-memory cache of /home/boniface/project/BiblePABMobile/android/.gradle/buildOutputCleanup/outputFiles.bin
Invalidating in-memory cache of /home/boniface/project/BiblePABMobile/android/.gradle/9.0.0/fileHashes/resourceHashesCache.bin
Now considering [/home/boniface/project/BiblePABMobile/android, /home/boniface/project/BiblePABMobile/node_modules/@react-native/gradle-plugin] as hierarchies to watch
Watching the file system is configured to be enabled if available
File system watching is active
Invalidating in-memory cache of /home/boniface/project/BiblePABMobile/android/.gradle/9.0.0/checksums/md5-checksums.bin
Invalidating in-memory cache of /home/boniface/project/BiblePABMobile/android/.gradle/9.0.0/checksums/sha1-checksums.bin
Invalidating in-memory cache of /home/boniface/project/BiblePABMobile/android/.gradle/9.0.0/checksums/sha256-checksums.bin
Invalidating in-memory cache of /home/boniface/project/BiblePABMobile/android/.gradle/9.0.0/checksums/sha512-checksums.bin
Starting Build
Now considering [/home/boniface/project/BiblePABMobile/node_modules/@react-native/gradle-plugin, /home/boniface/project/BiblePABMobile/android] as hierarchies to watch
Resolved plugin [id: 'org.gradle.toolchains.foojay-resolver-convention', version: '0.5.0']

> Configure project :gradle-plugin
Evaluating project ':gradle-plugin' using build file '/home/boniface/project/BiblePABMobile/node_modules/@react-native/gradle-plugin/build.gradle.kts'.
Resolved plugin [id: 'org.jetbrains.kotlin.jvm', version: '2.1.20', apply: false]
Resolved plugin [id: 'com.ncorti.ktfmt.gradle', version: '0.22.0']

> Configure project :gradle-plugin:react-native-gradle-plugin
Evaluating project ':gradle-plugin:react-native-gradle-plugin' using build file '/home/boniface/project/BiblePABMobile/node_modules/@react-native/gradle-plugin/react-native-gradle-plugin/build.gradle.kts'.
Resolved plugin [id: 'org.jetbrains.kotlin.jvm', version: '2.1.20']
Resolved plugin [id: 'com.ncorti.ktfmt.gradle', version: '0.22.0']
Resolved plugin [id: 'java-gradle-plugin']
Build 81dc02e3-460c-437b-870a-15da611ba436 is started
Using Kotlin Gradle Plugin gradle85 variant
kotlin scripting plugin: created the scripting discovery configuration: kotlinScriptDef
kotlin scripting plugin: created the scripting discovery configuration: testKotlinScriptDef

> Configure project :gradle-plugin:settings-plugin
Evaluating project ':gradle-plugin:settings-plugin' using build file '/home/boniface/project/BiblePABMobile/node_modules/@react-native/gradle-plugin/settings-plugin/build.gradle.kts'.
Resolved plugin [id: 'org.jetbrains.kotlin.jvm', version: '2.1.20']
Resolved plugin [id: 'com.ncorti.ktfmt.gradle', version: '0.22.0']
Resolved plugin [id: 'java-gradle-plugin']
Using Kotlin Gradle Plugin gradle85 variant
kotlin scripting plugin: created the scripting discovery configuration: kotlinScriptDef
kotlin scripting plugin: created the scripting discovery configuration: testKotlinScriptDef

> Configure project :gradle-plugin:shared
Evaluating project ':gradle-plugin:shared' using build file '/home/boniface/project/BiblePABMobile/node_modules/@react-native/gradle-plugin/shared/build.gradle.kts'.
Resolved plugin [id: 'org.jetbrains.kotlin.jvm', version: '2.1.20']
Resolved plugin [id: 'com.ncorti.ktfmt.gradle', version: '0.22.0']
Using Kotlin Gradle Plugin gradle85 variant
kotlin scripting plugin: created the scripting discovery configuration: kotlinScriptDef
kotlin scripting plugin: created the scripting discovery configuration: testKotlinScriptDef

> Configure project :gradle-plugin:shared-testutil
Evaluating project ':gradle-plugin:shared-testutil' using build file '/home/boniface/project/BiblePABMobile/node_modules/@react-native/gradle-plugin/shared-testutil/build.gradle.kts'.
Resolved plugin [id: 'org.jetbrains.kotlin.jvm', version: '2.1.20']
Resolved plugin [id: 'com.ncorti.ktfmt.gradle', version: '0.22.0']
Using Kotlin Gradle Plugin gradle85 variant
kotlin scripting plugin: created the scripting discovery configuration: kotlinScriptDef
kotlin scripting plugin: created the scripting discovery configuration: testKotlinScriptDef
Resolved plugin [id: 'com.facebook.react.settings']
Path for java installation '/usr/lib/jvm/openjdk-17' (Common Linux Locations) auto-detected does not contain a java executable
Resolve mutations for :gradle-plugin:settings-plugin:checkKotlinGradlePluginConfigurationErrors (Thread[Execution worker,5,main]) started.
:gradle-plugin:settings-plugin:checkKotlinGradlePluginConfigurationErrors (Thread[Execution worker,5,main]) started.

> Task :gradle-plugin:settings-plugin:checkKotlinGradlePluginConfigurationErrors SKIPPED
Skipping task ':gradle-plugin:settings-plugin:checkKotlinGradlePluginConfigurationErrors' as task onlyIf 'errorDiagnostics are present' is false.
Resolve mutations for :gradle-plugin:shared:checkKotlinGradlePluginConfigurationErrors (Thread[included builds,5,main]) started.
:gradle-plugin:shared:checkKotlinGradlePluginConfigurationErrors (Thread[included builds,5,main]) started.

> Task :gradle-plugin:shared:checkKotlinGradlePluginConfigurationErrors SKIPPED
Skipping task ':gradle-plugin:shared:checkKotlinGradlePluginConfigurationErrors' as task onlyIf 'errorDiagnostics are present' is false.
Resolve mutations for :gradle-plugin:shared:compileKotlin (Thread[included builds,5,main]) started.
:gradle-plugin:shared:compileKotlin (Thread[included builds,5,main]) started.

> Task :gradle-plugin:shared:compileKotlin UP-TO-DATE
Caching disabled for task ':gradle-plugin:shared:compileKotlin' because:
  Build cache is disabled
Skipping task ':gradle-plugin:shared:compileKotlin' as it is up-to-date.
Resolve mutations for :gradle-plugin:shared:compileJava (Thread[Execution worker Thread 3,5,main]) started.
:gradle-plugin:shared:compileJava (Thread[Execution worker Thread 3,5,main]) started.

> Task :gradle-plugin:shared:compileJava NO-SOURCE
Skipping task ':gradle-plugin:shared:compileJava' as it has no source files and no previous output files.
Resolve mutations for :gradle-plugin:shared:processResources (Thread[Execution worker Thread 3,5,main]) started.
:gradle-plugin:shared:processResources (Thread[Execution worker Thread 3,5,main]) started.

> Task :gradle-plugin:shared:processResources NO-SOURCE
Skipping task ':gradle-plugin:shared:processResources' as it has no source files and no previous output files.
Resolve mutations for :gradle-plugin:shared:classes (Thread[Execution worker Thread 3,5,main]) started.
:gradle-plugin:shared:classes (Thread[Execution worker Thread 3,5,main]) started.

> Task :gradle-plugin:shared:classes UP-TO-DATE
Skipping task ':gradle-plugin:shared:classes' as it has no actions.
Resolve mutations for :gradle-plugin:shared:jar (Thread[Execution worker Thread 3,5,main]) started.
:gradle-plugin:shared:jar (Thread[Execution worker Thread 3,5,main]) started.

> Task :gradle-plugin:shared:jar UP-TO-DATE
Caching disabled for task ':gradle-plugin:shared:jar' because:
  Build cache is disabled
  Not worth caching
Skipping task ':gradle-plugin:shared:jar' as it is up-to-date.
work action resolve shared.jar (project :gradle-plugin:shared) (Thread[Execution worker Thread 3,5,main]) started.
Resolve mutations for :gradle-plugin:settings-plugin:compileKotlin (Thread[Execution worker Thread 3,5,main]) started.
:gradle-plugin:settings-plugin:compileKotlin (Thread[Execution worker Thread 3,5,main]) started.

> Task :gradle-plugin:settings-plugin:compileKotlin UP-TO-DATE
Caching disabled for task ':gradle-plugin:settings-plugin:compileKotlin' because:
  Build cache is disabled
Skipping task ':gradle-plugin:settings-plugin:compileKotlin' as it is up-to-date.
Resolve mutations for :gradle-plugin:settings-plugin:compileJava (Thread[included builds,5,main]) started.
:gradle-plugin:settings-plugin:compileJava (Thread[included builds,5,main]) started.

> Task :gradle-plugin:settings-plugin:compileJava NO-SOURCE
Skipping task ':gradle-plugin:settings-plugin:compileJava' as it has no source files and no previous output files.
Resolve mutations for :gradle-plugin:settings-plugin:pluginDescriptors (Thread[included builds,5,main]) started.
:gradle-plugin:settings-plugin:pluginDescriptors (Thread[included builds,5,main]) started.

> Task :gradle-plugin:settings-plugin:pluginDescriptors UP-TO-DATE
Caching disabled for task ':gradle-plugin:settings-plugin:pluginDescriptors' because:
  Build cache is disabled
  Not worth caching
Skipping task ':gradle-plugin:settings-plugin:pluginDescriptors' as it is up-to-date.
Resolve mutations for :gradle-plugin:settings-plugin:processResources (Thread[included builds,5,main]) started.
:gradle-plugin:settings-plugin:processResources (Thread[included builds,5,main]) started.

> Task :gradle-plugin:settings-plugin:processResources UP-TO-DATE
Caching disabled for task ':gradle-plugin:settings-plugin:processResources' because:
  Build cache is disabled
  Not worth caching
Skipping task ':gradle-plugin:settings-plugin:processResources' as it is up-to-date.
Resolve mutations for :gradle-plugin:settings-plugin:classes (Thread[included builds,5,main]) started.
:gradle-plugin:settings-plugin:classes (Thread[included builds,5,main]) started.

> Task :gradle-plugin:settings-plugin:classes UP-TO-DATE
Skipping task ':gradle-plugin:settings-plugin:classes' as it has no actions.
Resolve mutations for :gradle-plugin:settings-plugin:jar (Thread[included builds,5,main]) started.
:gradle-plugin:settings-plugin:jar (Thread[included builds,5,main]) started.

> Task :gradle-plugin:settings-plugin:jar UP-TO-DATE
Caching disabled for task ':gradle-plugin:settings-plugin:jar' because:
  Build cache is disabled
  Not worth caching
Skipping task ':gradle-plugin:settings-plugin:jar' as it is up-to-date.
Starting process 'command 'npx''. Working directory: /home/boniface/project/BiblePABMobile Command: npx @react-native-community/cli config
Successfully started process 'command 'npx''
Settings evaluated using settings file '/home/boniface/project/BiblePABMobile/android/settings.gradle'.
Projects loaded. Root project using build file '/home/boniface/project/BiblePABMobile/android/build.gradle'.
Included projects: [root project 'PAB App', project ':app', project ':notifee_react-native', project ':react-native-async-storage_async-storage', project ':react-native-community_datetimepicker', project ':react-native-community_netinfo', project ':react-native-firebase_app', project ':react-native-firebase_messaging', project ':react-native-gesture-handler', project ':react-native-linear-gradient', project ':react-native-masked-view_masked-view', project ':react-native-permissions', project ':react-native-reanimated', project ':react-native-safe-area-context', project ':react-native-screens', project ':react-native-svg', project ':react-native-tts', project ':react-native-worklets']
Registering project ':gradle-plugin' in composite build. Will substitute for module ':gradle-plugin-root'.
Registering project ':gradle-plugin:react-native-gradle-plugin' in composite build. Will substitute for module 'com.facebook.react:react-native-gradle-plugin'.
Registering project ':gradle-plugin:settings-plugin' in composite build. Will substitute for module 'com.facebook.react:settings-plugin'.
Registering project ':gradle-plugin:shared' in composite build. Will substitute for module 'com.facebook.react:shared'.
Registering project ':gradle-plugin:shared-testutil' in composite build. Will substitute for module 'com.facebook.react:shared-testutil'.
Resolve mutations for :gradle-plugin:react-native-gradle-plugin:checkKotlinGradlePluginConfigurationErrors (Thread[Execution worker Thread 3,5,main]) started.

> Task :gradle-plugin:react-native-gradle-plugin:checkKotlinGradlePluginConfigurationErrors SKIPPED
Skipping task ':gradle-plugin:react-native-gradle-plugin:checkKotlinGradlePluginConfigurationErrors' as task onlyIf 'errorDiagnostics are present' is false.
Resolve mutations for :gradle-plugin:react-native-gradle-plugin:compileKotlin (Thread[Execution worker Thread 2,5,main]) started.
:gradle-plugin:react-native-gradle-plugin:compileKotlin (Thread[Execution worker,5,main]) started.

> Task :gradle-plugin:react-native-gradle-plugin:compileKotlin UP-TO-DATE
Caching disabled for task ':gradle-plugin:react-native-gradle-plugin:compileKotlin' because:
  Build cache is disabled
Skipping task ':gradle-plugin:react-native-gradle-plugin:compileKotlin' as it is up-to-date.

> Task :gradle-plugin:react-native-gradle-plugin:compileJava NO-SOURCE
Skipping task ':gradle-plugin:react-native-gradle-plugin:compileJava' as it has no source files and no previous output files.

> Task :gradle-plugin:react-native-gradle-plugin:pluginDescriptors UP-TO-DATE
Caching disabled for task ':gradle-plugin:react-native-gradle-plugin:pluginDescriptors' because:
  Build cache is disabled
  Not worth caching
Skipping task ':gradle-plugin:react-native-gradle-plugin:pluginDescriptors' as it is up-to-date.

> Task :gradle-plugin:react-native-gradle-plugin:processResources UP-TO-DATE
Caching disabled for task ':gradle-plugin:react-native-gradle-plugin:processResources' because:
  Build cache is disabled
  Not worth caching
Skipping task ':gradle-plugin:react-native-gradle-plugin:processResources' as it is up-to-date.

> Task :gradle-plugin:react-native-gradle-plugin:classes UP-TO-DATE
Skipping task ':gradle-plugin:react-native-gradle-plugin:classes' as it has no actions.

> Task :gradle-plugin:react-native-gradle-plugin:jar UP-TO-DATE
Caching disabled for task ':gradle-plugin:react-native-gradle-plugin:jar' because:
  Build cache is disabled
  Not worth caching
Skipping task ':gradle-plugin:react-native-gradle-plugin:jar' as it is up-to-date.

> Configure project :app
Evaluating project ':app' using build file '/home/boniface/project/BiblePABMobile/android/app/build.gradle'.
Using default execution profile
Build 76e7764e-2dff-4bda-b8bf-e3c8bacc96cd is started
Using Kotlin Gradle Plugin gradle85 variant
C/C++: android.ndkVersion from module build.gradle is [27.1.12297006]
C/C++: android.ndkPath from module build.gradle is not set
C/C++: ndk.dir in local.properties is not set
C/C++: Not considering ANDROID_NDK_HOME because support was removed after deprecation period.
C/C++: sdkFolder is /home/boniface/Android/Sdk
C/C++: android.ndkVersion from module build.gradle is [27.1.12297006]
C/C++: android.ndkPath from module build.gradle is not set
C/C++: ndk.dir in local.properties is not set
C/C++: Not considering ANDROID_NDK_HOME because support was removed after deprecation period.
C/C++: sdkFolder is /home/boniface/Android/Sdk
C/C++: android.ndkVersion from module build.gradle is [27.1.12297006]
C/C++: android.ndkPath from module build.gradle is not set
C/C++: ndk.dir in local.properties is not set
C/C++: Not considering ANDROID_NDK_HOME because support was removed after deprecation period.
C/C++: sdkFolder is /home/boniface/Android/Sdk
C/C++: android.ndkVersion from module build.gradle is [27.1.12297006]
C/C++: android.ndkPath from module build.gradle is not set
C/C++: ndk.dir in local.properties is not set
C/C++: Not considering ANDROID_NDK_HOME because support was removed after deprecation period.
C/C++: sdkFolder is /home/boniface/Android/Sdk
C/C++: android.ndkVersion from module build.gradle is [27.1.12297006]
C/C++: android.ndkPath from module build.gradle is not set
C/C++: ndk.dir in local.properties is not set
C/C++: Not considering ANDROID_NDK_HOME because support was removed after deprecation period.
C/C++: sdkFolder is /home/boniface/Android/Sdk
C/C++: android.ndkVersion from module build.gradle is [27.1.12297006]
C/C++: android.ndkPath from module build.gradle is not set
C/C++: ndk.dir in local.properties is not set
C/C++: Not considering ANDROID_NDK_HOME because support was removed after deprecation period.
C/C++: sdkFolder is /home/boniface/Android/Sdk
C/C++: android.ndkVersion from module build.gradle is [27.1.12297006]
C/C++: android.ndkPath from module build.gradle is not set
C/C++: ndk.dir in local.properties is not set
C/C++: Not considering ANDROID_NDK_HOME because support was removed after deprecation period.
C/C++: sdkFolder is /home/boniface/Android/Sdk
C/C++: android.ndkVersion from module build.gradle is [27.1.12297006]
C/C++: android.ndkPath from module build.gradle is not set
C/C++: ndk.dir in local.properties is not set
C/C++: Not considering ANDROID_NDK_HOME because support was removed after deprecation period.
C/C++: sdkFolder is /home/boniface/Android/Sdk
C/C++: android.ndkVersion from module build.gradle is [27.1.12297006]
C/C++: android.ndkPath from module build.gradle is not set
C/C++: ndk.dir in local.properties is not set
C/C++: Not considering ANDROID_NDK_HOME because support was removed after deprecation period.
C/C++: sdkFolder is /home/boniface/Android/Sdk
C/C++: android.ndkVersion from module build.gradle is [27.1.12297006]
C/C++: android.ndkPath from module build.gradle is not set
C/C++: ndk.dir in local.properties is not set
C/C++: Not considering ANDROID_NDK_HOME because support was removed after deprecation period.
C/C++: sdkFolder is /home/boniface/Android/Sdk
C/C++: android.ndkVersion from module build.gradle is [27.1.12297006]
C/C++: android.ndkPath from module build.gradle is not set
C/C++: ndk.dir in local.properties is not set
C/C++: Not considering ANDROID_NDK_HOME because support was removed after deprecation period.
C/C++: sdkFolder is /home/boniface/Android/Sdk
C/C++: android.ndkVersion from module build.gradle is [27.1.12297006]
C/C++: android.ndkPath from module build.gradle is not set
C/C++: ndk.dir in local.properties is not set
C/C++: Not considering ANDROID_NDK_HOME because support was removed after deprecation period.
C/C++: sdkFolder is /home/boniface/Android/Sdk
C/C++: android.ndkVersion from module build.gradle is [27.1.12297006]
C/C++: android.ndkPath from module build.gradle is not set
C/C++: ndk.dir in local.properties is not set
C/C++: Not considering ANDROID_NDK_HOME because support was removed after deprecation period.
C/C++: sdkFolder is /home/boniface/Android/Sdk
C/C++: android.ndkVersion from module build.gradle is [27.1.12297006]
C/C++: android.ndkPath from module build.gradle is not set
C/C++: ndk.dir in local.properties is not set
C/C++: Not considering ANDROID_NDK_HOME because support was removed after deprecation period.
C/C++: sdkFolder is /home/boniface/Android/Sdk
C/C++: android.ndkVersion from module build.gradle is [27.1.12297006]
C/C++: android.ndkPath from module build.gradle is not set
C/C++: ndk.dir in local.properties is not set
C/C++: Not considering ANDROID_NDK_HOME because support was removed after deprecation period.
C/C++: sdkFolder is /home/boniface/Android/Sdk
C/C++: android.ndkVersion from module build.gradle is [27.1.12297006]
C/C++: android.ndkPath from module build.gradle is not set
C/C++: ndk.dir in local.properties is not set
C/C++: Not considering ANDROID_NDK_HOME because support was removed after deprecation period.
C/C++: sdkFolder is /home/boniface/Android/Sdk
C/C++: android.ndkVersion from module build.gradle is [27.1.12297006]
C/C++: android.ndkPath from module build.gradle is not set
C/C++: ndk.dir in local.properties is not set
C/C++: Not considering ANDROID_NDK_HOME because support was removed after deprecation period.
C/C++: sdkFolder is /home/boniface/Android/Sdk
C/C++: android.ndkVersion from module build.gradle is [27.1.12297006]
C/C++: android.ndkPath from module build.gradle is not set
C/C++: ndk.dir in local.properties is not set
C/C++: Not considering ANDROID_NDK_HOME because support was removed after deprecation period.
C/C++: sdkFolder is /home/boniface/Android/Sdk
C/C++: android.ndkVersion from module build.gradle is [27.1.12297006]
C/C++: android.ndkPath from module build.gradle is not set
C/C++: ndk.dir in local.properties is not set
C/C++: Not considering ANDROID_NDK_HOME because support was removed after deprecation period.
C/C++: sdkFolder is /home/boniface/Android/Sdk

> Configure project :
Evaluating root project 'PAB App' using build file '/home/boniface/project/BiblePABMobile/android/build.gradle'.
Found project 'project :gradle-plugin:react-native-gradle-plugin' as substitute for module 'com.facebook.react:react-native-gradle-plugin'.
Ignoring listeners of task graph ready event, as this build (:gradle-plugin) has already executed work.
:gradle-plugin:react-native-gradle-plugin:checkKotlinGradlePluginConfigurationErrors (Thread[included builds,5,main]) started.
Resolve mutations for :gradle-plugin:react-native-gradle-plugin:compileJava (Thread[included builds,5,main]) started.
:gradle-plugin:react-native-gradle-plugin:compileJava (Thread[included builds,5,main]) started.
Resolve mutations for :gradle-plugin:react-native-gradle-plugin:pluginDescriptors (Thread[included builds,5,main]) started.
:gradle-plugin:react-native-gradle-plugin:pluginDescriptors (Thread[included builds,5,main]) started.
Resolve mutations for :gradle-plugin:react-native-gradle-plugin:processResources (Thread[included builds,5,main]) started.
:gradle-plugin:react-native-gradle-plugin:processResources (Thread[included builds,5,main]) started.
Resolve mutations for :gradle-plugin:react-native-gradle-plugin:classes (Thread[included builds,5,main]) started.
:gradle-plugin:react-native-gradle-plugin:classes (Thread[included builds,5,main]) started.
Resolve mutations for :gradle-plugin:react-native-gradle-plugin:jar (Thread[included builds,5,main]) started.
:gradle-plugin:react-native-gradle-plugin:jar (Thread[included builds,5,main]) started.

> Configure project :notifee_react-native
Evaluating project ':notifee_react-native' using build file '/home/boniface/project/BiblePABMobile/node_modules/@notifee/react-native/android/build.gradle'.
Resolved plugin [id: 'io.invertase.gradle.build', version: '1.5']
Using default execution profile
:notifee_react-native @notifee/react-native found at /home/boniface/project/BiblePABMobile/node_modules/@notifee/react-native
:notifee_react-native package.json found at /home/boniface/project/BiblePABMobile/node_modules/@notifee/react-native/package.json
:notifee_react-native:version set from package.json: 9.1.8 (9,1,8 - 9001008)
:notifee_react-native:android.compileSdk using custom value: 36
:notifee_react-native:android.targetSdk using custom value: 36
:notifee_react-native:android.minSdk using custom value: 24
:notifee_react-native:reactNativeAndroidDir /home/boniface/project/BiblePABMobile/node_modules/react-native

> Configure project :react-native-async-storage_async-storage
Evaluating project ':react-native-async-storage_async-storage' using build file '/home/boniface/project/BiblePABMobile/node_modules/@react-native-async-storage/async-storage/android/build.gradle'.
Using default execution profile
[AsyncStorage] Config used: {kotlinVersion=2.1.20, kspVersion=1.9.24-1.0.20, roomVersion=2.6.1, minSdkVersion=24, targetSdkVersion=36, compileSdkVersion=36, useNextStorage=false, databaseSizeMB=6, isNewArchitectureEnabled=true, useDedicatedExecutor=false}

> Configure project :react-native-community_datetimepicker
Evaluating project ':react-native-community_datetimepicker' using build file '/home/boniface/project/BiblePABMobile/node_modules/@react-native-community/datetimepicker/android/build.gradle'.
Using default execution profile
Using Kotlin Gradle Plugin gradle85 variant

> Configure project :react-native-community_netinfo
Evaluating project ':react-native-community_netinfo' using build file '/home/boniface/project/BiblePABMobile/node_modules/@react-native-community/netinfo/android/build.gradle'.
Using default execution profile

> Configure project :react-native-firebase_app
Evaluating project ':react-native-firebase_app' using build file '/home/boniface/project/BiblePABMobile/node_modules/@react-native-firebase/app/android/build.gradle'.
Resolved plugin [id: 'io.invertase.gradle.build', version: '1.5']
Using default execution profile
:react-native-firebase_app package.json found at /home/boniface/project/BiblePABMobile/node_modules/@react-native-firebase/app/package.json
:react-native-firebase_app no firebase.json found, skipping
:react-native-firebase_app:firebase.bom using default value: 34.7.0
:react-native-firebase_app:play.play-services-auth using default value: 21.4.0
:react-native-firebase_app package.json found at /home/boniface/project/BiblePABMobile/node_modules/@react-native-firebase/app/package.json
:react-native-firebase_app:version set from package.json: 23.8.4 (23,8,4 - 23008004)
:react-native-firebase_app:android.compileSdk using custom value: 36
:react-native-firebase_app:android.targetSdk using custom value: 36
:react-native-firebase_app:android.minSdk using custom value: 24
:react-native-firebase_app:reactNativeAndroidDir /home/boniface/project/BiblePABMobile/node_modules/react-native

> Configure project :react-native-firebase_messaging
Evaluating project ':react-native-firebase_messaging' using build file '/home/boniface/project/BiblePABMobile/node_modules/@react-native-firebase/messaging/android/build.gradle'.
Resolved plugin [id: 'io.invertase.gradle.build', version: '1.5']
Using default execution profile
:react-native-firebase_messaging package.json found at /home/boniface/project/BiblePABMobile/node_modules/@react-native-firebase/messaging/package.json
:react-native-firebase_app package.json found at /home/boniface/project/BiblePABMobile/node_modules/@react-native-firebase/app/package.json
:react-native-firebase_messaging no firebase.json found, skipping
:react-native-firebase_messaging:firebase.bom using default value: 34.7.0
:react-native-firebase_messaging package.json found at /home/boniface/project/BiblePABMobile/node_modules/@react-native-firebase/messaging/package.json
:react-native-firebase_messaging:version set from package.json: 23.8.4 (23,8,4 - 23008004)
:react-native-firebase_messaging:android.compileSdk using custom value: 36
:react-native-firebase_messaging:android.targetSdk using custom value: 36
:react-native-firebase_messaging:android.minSdk using custom value: 24
:react-native-firebase_messaging:reactNativeAndroidDir /home/boniface/project/BiblePABMobile/node_modules/react-native

> Configure project :react-native-gesture-handler
Evaluating project ':react-native-gesture-handler' using build file '/home/boniface/project/BiblePABMobile/node_modules/react-native-gesture-handler/android/build.gradle'.
Using default execution profile
Using Kotlin Gradle Plugin gradle85 variant
Starting process 'command 'node''. Working directory: /home/boniface/project/BiblePABMobile/android Command: node --print require.resolve('react-native/package.json')
Successfully started process 'command 'node''
C/C++: android.ndkVersion from module build.gradle is [27.1.12297006]
C/C++: android.ndkPath from module build.gradle is not set
C/C++: ndk.dir in local.properties is not set
C/C++: Not considering ANDROID_NDK_HOME because support was removed after deprecation period.
C/C++: sdkFolder is /home/boniface/Android/Sdk
C/C++: android.ndkVersion from module build.gradle is [27.1.12297006]
C/C++: android.ndkPath from module build.gradle is not set
C/C++: ndk.dir in local.properties is not set
C/C++: Not considering ANDROID_NDK_HOME because support was removed after deprecation period.
C/C++: sdkFolder is /home/boniface/Android/Sdk
C/C++: android.ndkVersion from module build.gradle is [27.1.12297006]
C/C++: android.ndkPath from module build.gradle is not set
C/C++: ndk.dir in local.properties is not set
C/C++: Not considering ANDROID_NDK_HOME because support was removed after deprecation period.
C/C++: sdkFolder is /home/boniface/Android/Sdk
C/C++: android.ndkVersion from module build.gradle is [27.1.12297006]
C/C++: android.ndkPath from module build.gradle is not set
C/C++: ndk.dir in local.properties is not set
C/C++: Not considering ANDROID_NDK_HOME because support was removed after deprecation period.
C/C++: sdkFolder is /home/boniface/Android/Sdk
C/C++: android.ndkVersion from module build.gradle is [27.1.12297006]
C/C++: android.ndkPath from module build.gradle is not set
C/C++: ndk.dir in local.properties is not set
C/C++: Not considering ANDROID_NDK_HOME because support was removed after deprecation period.
C/C++: sdkFolder is /home/boniface/Android/Sdk
C/C++: android.ndkVersion from module build.gradle is [27.1.12297006]
C/C++: android.ndkPath from module build.gradle is not set
C/C++: ndk.dir in local.properties is not set
C/C++: Not considering ANDROID_NDK_HOME because support was removed after deprecation period.
C/C++: sdkFolder is /home/boniface/Android/Sdk
C/C++: android.ndkVersion from module build.gradle is [27.1.12297006]
C/C++: android.ndkPath from module build.gradle is not set
C/C++: ndk.dir in local.properties is not set
C/C++: Not considering ANDROID_NDK_HOME because support was removed after deprecation period.
C/C++: sdkFolder is /home/boniface/Android/Sdk
C/C++: android.ndkVersion from module build.gradle is [27.1.12297006]
C/C++: android.ndkPath from module build.gradle is not set
C/C++: ndk.dir in local.properties is not set
C/C++: Not considering ANDROID_NDK_HOME because support was removed after deprecation period.
C/C++: sdkFolder is /home/boniface/Android/Sdk
C/C++: android.ndkVersion from module build.gradle is [27.1.12297006]
C/C++: android.ndkPath from module build.gradle is not set
C/C++: ndk.dir in local.properties is not set
C/C++: Not considering ANDROID_NDK_HOME because support was removed after deprecation period.
C/C++: sdkFolder is /home/boniface/Android/Sdk
C/C++: android.ndkVersion from module build.gradle is [27.1.12297006]
C/C++: android.ndkPath from module build.gradle is not set
C/C++: ndk.dir in local.properties is not set
C/C++: Not considering ANDROID_NDK_HOME because support was removed after deprecation period.
C/C++: sdkFolder is /home/boniface/Android/Sdk
C/C++: android.ndkVersion from module build.gradle is [27.1.12297006]
C/C++: android.ndkPath from module build.gradle is not set
C/C++: ndk.dir in local.properties is not set
C/C++: Not considering ANDROID_NDK_HOME because support was removed after deprecation period.
C/C++: sdkFolder is /home/boniface/Android/Sdk
C/C++: android.ndkVersion from module build.gradle is [27.1.12297006]
C/C++: android.ndkPath from module build.gradle is not set
C/C++: ndk.dir in local.properties is not set
C/C++: Not considering ANDROID_NDK_HOME because support was removed after deprecation period.
C/C++: sdkFolder is /home/boniface/Android/Sdk
C/C++: android.ndkVersion from module build.gradle is [27.1.12297006]
C/C++: android.ndkPath from module build.gradle is not set
C/C++: ndk.dir in local.properties is not set
C/C++: Not considering ANDROID_NDK_HOME because support was removed after deprecation period.
C/C++: sdkFolder is /home/boniface/Android/Sdk

> Configure project :react-native-linear-gradient
Evaluating project ':react-native-linear-gradient' using build file '/home/boniface/project/BiblePABMobile/node_modules/react-native-linear-gradient/android/build.gradle'.
Using default execution profile

> Configure project :react-native-masked-view_masked-view
Evaluating project ':react-native-masked-view_masked-view' using build file '/home/boniface/project/BiblePABMobile/node_modules/@react-native-masked-view/masked-view/android/build.gradle'.
Using default execution profile

> Configure project :react-native-permissions
Evaluating project ':react-native-permissions' using build file '/home/boniface/project/BiblePABMobile/node_modules/react-native-permissions/android/build.gradle'.
Using default execution profile
Using Kotlin Gradle Plugin gradle85 variant

> Configure project :react-native-worklets
Evaluating project ':react-native-worklets' using build file '/home/boniface/project/BiblePABMobile/node_modules/react-native-worklets/android/build.gradle'.
Starting process 'command 'node''. Working directory: /home/boniface/project/BiblePABMobile/android Command: node --print require.resolve('react-native/package.json')
Successfully started process 'command 'node''
Starting process 'command 'node''. Working directory: /home/boniface/project/BiblePABMobile/android Command: node --print require.resolve('react-native/package.json')
Successfully started process 'command 'node''
Starting process 'command 'node''. Working directory: /home/boniface/project/BiblePABMobile/android Command: node --print require.resolve('react-native/package.json')
Successfully started process 'command 'node''
Using default execution profile
C/C++: android.ndkVersion from module build.gradle is [27.1.12297006]
C/C++: android.ndkPath from module build.gradle is not set
C/C++: ndk.dir in local.properties is not set
C/C++: Not considering ANDROID_NDK_HOME because support was removed after deprecation period.
C/C++: sdkFolder is /home/boniface/Android/Sdk
C/C++: android.ndkVersion from module build.gradle is [27.1.12297006]
C/C++: android.ndkPath from module build.gradle is not set
C/C++: ndk.dir in local.properties is not set
C/C++: Not considering ANDROID_NDK_HOME because support was removed after deprecation period.
C/C++: sdkFolder is /home/boniface/Android/Sdk
C/C++: android.ndkVersion from module build.gradle is [27.1.12297006]
C/C++: android.ndkPath from module build.gradle is not set
C/C++: ndk.dir in local.properties is not set
C/C++: Not considering ANDROID_NDK_HOME because support was removed after deprecation period.
C/C++: sdkFolder is /home/boniface/Android/Sdk
C/C++: android.ndkVersion from module build.gradle is [27.1.12297006]
C/C++: android.ndkPath from module build.gradle is not set
C/C++: ndk.dir in local.properties is not set
C/C++: Not considering ANDROID_NDK_HOME because support was removed after deprecation period.
C/C++: sdkFolder is /home/boniface/Android/Sdk
C/C++: android.ndkVersion from module build.gradle is [27.1.12297006]
C/C++: android.ndkPath from module build.gradle is not set
C/C++: ndk.dir in local.properties is not set
C/C++: Not considering ANDROID_NDK_HOME because support was removed after deprecation period.
C/C++: sdkFolder is /home/boniface/Android/Sdk
C/C++: android.ndkVersion from module build.gradle is [27.1.12297006]
C/C++: android.ndkPath from module build.gradle is not set
C/C++: ndk.dir in local.properties is not set
C/C++: Not considering ANDROID_NDK_HOME because support was removed after deprecation period.
C/C++: sdkFolder is /home/boniface/Android/Sdk
C/C++: android.ndkVersion from module build.gradle is [27.1.12297006]
C/C++: android.ndkPath from module build.gradle is not set
C/C++: ndk.dir in local.properties is not set
C/C++: Not considering ANDROID_NDK_HOME because support was removed after deprecation period.
C/C++: sdkFolder is /home/boniface/Android/Sdk
C/C++: android.ndkVersion from module build.gradle is [27.1.12297006]
C/C++: android.ndkPath from module build.gradle is not set
C/C++: ndk.dir in local.properties is not set
C/C++: Not considering ANDROID_NDK_HOME because support was removed after deprecation period.
C/C++: sdkFolder is /home/boniface/Android/Sdk
C/C++: android.ndkVersion from module build.gradle is [27.1.12297006]
C/C++: android.ndkPath from module build.gradle is not set
C/C++: ndk.dir in local.properties is not set
C/C++: Not considering ANDROID_NDK_HOME because support was removed after deprecation period.
C/C++: sdkFolder is /home/boniface/Android/Sdk
C/C++: android.ndkVersion from module build.gradle is [27.1.12297006]
C/C++: android.ndkPath from module build.gradle is not set
C/C++: ndk.dir in local.properties is not set
C/C++: Not considering ANDROID_NDK_HOME because support was removed after deprecation period.
C/C++: sdkFolder is /home/boniface/Android/Sdk
C/C++: android.ndkVersion from module build.gradle is [27.1.12297006]
C/C++: android.ndkPath from module build.gradle is not set
C/C++: ndk.dir in local.properties is not set
C/C++: Not considering ANDROID_NDK_HOME because support was removed after deprecation period.
C/C++: sdkFolder is /home/boniface/Android/Sdk
C/C++: android.ndkVersion from module build.gradle is [27.1.12297006]
C/C++: android.ndkPath from module build.gradle is not set
C/C++: ndk.dir in local.properties is not set
C/C++: Not considering ANDROID_NDK_HOME because support was removed after deprecation period.
C/C++: sdkFolder is /home/boniface/Android/Sdk
C/C++: android.ndkVersion from module build.gradle is [27.1.12297006]
C/C++: android.ndkPath from module build.gradle is not set
C/C++: ndk.dir in local.properties is not set
C/C++: Not considering ANDROID_NDK_HOME because support was removed after deprecation period.
C/C++: sdkFolder is /home/boniface/Android/Sdk

> Configure project :react-native-reanimated
Evaluating project ':react-native-reanimated' using build file '/home/boniface/project/BiblePABMobile/node_modules/react-native-reanimated/android/build.gradle'.
Starting process 'command 'node''. Working directory: /home/boniface/project/BiblePABMobile/android Command: node --print require.resolve('react-native/package.json')
Successfully started process 'command 'node''
Starting process 'command 'node''. Working directory: /home/boniface/project/BiblePABMobile/android Command: node --print require.resolve('react-native-worklets/package.json')
Successfully started process 'command 'node''
Starting process 'command 'node''. Working directory: /home/boniface/project/BiblePABMobile/android Command: node --print require.resolve('react-native/package.json')
Successfully started process 'command 'node''
Starting process 'command 'node''. Working directory: /home/boniface/project/BiblePABMobile/android Command: node --print require.resolve('react-native/package.json')
Successfully started process 'command 'node''
Using default execution profile
C/C++: android.ndkVersion from module build.gradle is [27.1.12297006]
C/C++: android.ndkPath from module build.gradle is not set
C/C++: ndk.dir in local.properties is not set
C/C++: Not considering ANDROID_NDK_HOME because support was removed after deprecation period.
C/C++: sdkFolder is /home/boniface/Android/Sdk
C/C++: android.ndkVersion from module build.gradle is [27.1.12297006]
C/C++: android.ndkPath from module build.gradle is not set
C/C++: ndk.dir in local.properties is not set
C/C++: Not considering ANDROID_NDK_HOME because support was removed after deprecation period.
C/C++: sdkFolder is /home/boniface/Android/Sdk
C/C++: android.ndkVersion from module build.gradle is [27.1.12297006]
C/C++: android.ndkPath from module build.gradle is not set
C/C++: ndk.dir in local.properties is not set
C/C++: Not considering ANDROID_NDK_HOME because support was removed after deprecation period.
C/C++: sdkFolder is /home/boniface/Android/Sdk
C/C++: android.ndkVersion from module build.gradle is [27.1.12297006]
C/C++: android.ndkPath from module build.gradle is not set
C/C++: ndk.dir in local.properties is not set
C/C++: Not considering ANDROID_NDK_HOME because support was removed after deprecation period.
C/C++: sdkFolder is /home/boniface/Android/Sdk
C/C++: android.ndkVersion from module build.gradle is [27.1.12297006]
C/C++: android.ndkPath from module build.gradle is not set
C/C++: ndk.dir in local.properties is not set
C/C++: Not considering ANDROID_NDK_HOME because support was removed after deprecation period.
C/C++: sdkFolder is /home/boniface/Android/Sdk
C/C++: android.ndkVersion from module build.gradle is [27.1.12297006]
C/C++: android.ndkPath from module build.gradle is not set
C/C++: ndk.dir in local.properties is not set
C/C++: Not considering ANDROID_NDK_HOME because support was removed after deprecation period.
C/C++: sdkFolder is /home/boniface/Android/Sdk
C/C++: android.ndkVersion from module build.gradle is [27.1.12297006]
C/C++: android.ndkPath from module build.gradle is not set
C/C++: ndk.dir in local.properties is not set
C/C++: Not considering ANDROID_NDK_HOME because support was removed after deprecation period.
C/C++: sdkFolder is /home/boniface/Android/Sdk
C/C++: android.ndkVersion from module build.gradle is [27.1.12297006]
C/C++: android.ndkPath from module build.gradle is not set
C/C++: ndk.dir in local.properties is not set
C/C++: Not considering ANDROID_NDK_HOME because support was removed after deprecation period.
C/C++: sdkFolder is /home/boniface/Android/Sdk
C/C++: android.ndkVersion from module build.gradle is [27.1.12297006]
C/C++: android.ndkPath from module build.gradle is not set
C/C++: ndk.dir in local.properties is not set
C/C++: Not considering ANDROID_NDK_HOME because support was removed after deprecation period.
C/C++: sdkFolder is /home/boniface/Android/Sdk
C/C++: android.ndkVersion from module build.gradle is [27.1.12297006]
C/C++: android.ndkPath from module build.gradle is not set
C/C++: ndk.dir in local.properties is not set
C/C++: Not considering ANDROID_NDK_HOME because support was removed after deprecation period.
C/C++: sdkFolder is /home/boniface/Android/Sdk
C/C++: android.ndkVersion from module build.gradle is [27.1.12297006]
C/C++: android.ndkPath from module build.gradle is not set
C/C++: ndk.dir in local.properties is not set
C/C++: Not considering ANDROID_NDK_HOME because support was removed after deprecation period.
C/C++: sdkFolder is /home/boniface/Android/Sdk
C/C++: android.ndkVersion from module build.gradle is [27.1.12297006]
C/C++: android.ndkPath from module build.gradle is not set
C/C++: ndk.dir in local.properties is not set
C/C++: Not considering ANDROID_NDK_HOME because support was removed after deprecation period.
C/C++: sdkFolder is /home/boniface/Android/Sdk
C/C++: android.ndkVersion from module build.gradle is [27.1.12297006]
C/C++: android.ndkPath from module build.gradle is not set
C/C++: ndk.dir in local.properties is not set
C/C++: Not considering ANDROID_NDK_HOME because support was removed after deprecation period.
C/C++: sdkFolder is /home/boniface/Android/Sdk

> Configure project :react-native-safe-area-context
Evaluating project ':react-native-safe-area-context' using build file '/home/boniface/project/BiblePABMobile/node_modules/react-native-safe-area-context/android/build.gradle'.
Using default execution profile
Using Kotlin Gradle Plugin gradle85 variant

> Configure project :react-native-screens
Evaluating project ':react-native-screens' using build file '/home/boniface/project/BiblePABMobile/node_modules/react-native-screens/android/build.gradle'.
Using default execution profile
Using Kotlin Gradle Plugin gradle85 variant
C/C++: android.ndkVersion from module build.gradle is [27.1.12297006]
C/C++: android.ndkPath from module build.gradle is not set
C/C++: ndk.dir in local.properties is not set
C/C++: Not considering ANDROID_NDK_HOME because support was removed after deprecation period.
C/C++: sdkFolder is /home/boniface/Android/Sdk
C/C++: android.ndkVersion from module build.gradle is [27.1.12297006]
C/C++: android.ndkPath from module build.gradle is not set
C/C++: ndk.dir in local.properties is not set
C/C++: Not considering ANDROID_NDK_HOME because support was removed after deprecation period.
C/C++: sdkFolder is /home/boniface/Android/Sdk
C/C++: android.ndkVersion from module build.gradle is [27.1.12297006]
C/C++: android.ndkPath from module build.gradle is not set
C/C++: ndk.dir in local.properties is not set
C/C++: Not considering ANDROID_NDK_HOME because support was removed after deprecation period.
C/C++: sdkFolder is /home/boniface/Android/Sdk
C/C++: android.ndkVersion from module build.gradle is [27.1.12297006]
C/C++: android.ndkPath from module build.gradle is not set
C/C++: ndk.dir in local.properties is not set
C/C++: Not considering ANDROID_NDK_HOME because support was removed after deprecation period.
C/C++: sdkFolder is /home/boniface/Android/Sdk
C/C++: android.ndkVersion from module build.gradle is [27.1.12297006]
C/C++: android.ndkPath from module build.gradle is not set
C/C++: ndk.dir in local.properties is not set
C/C++: Not considering ANDROID_NDK_HOME because support was removed after deprecation period.
C/C++: sdkFolder is /home/boniface/Android/Sdk
C/C++: android.ndkVersion from module build.gradle is [27.1.12297006]
C/C++: android.ndkPath from module build.gradle is not set
C/C++: ndk.dir in local.properties is not set
C/C++: Not considering ANDROID_NDK_HOME because support was removed after deprecation period.
C/C++: sdkFolder is /home/boniface/Android/Sdk
C/C++: android.ndkVersion from module build.gradle is [27.1.12297006]
C/C++: android.ndkPath from module build.gradle is not set
C/C++: ndk.dir in local.properties is not set
C/C++: Not considering ANDROID_NDK_HOME because support was removed after deprecation period.
C/C++: sdkFolder is /home/boniface/Android/Sdk
C/C++: android.ndkVersion from module build.gradle is [27.1.12297006]
C/C++: android.ndkPath from module build.gradle is not set
C/C++: ndk.dir in local.properties is not set
C/C++: Not considering ANDROID_NDK_HOME because support was removed after deprecation period.
C/C++: sdkFolder is /home/boniface/Android/Sdk
C/C++: android.ndkVersion from module build.gradle is [27.1.12297006]
C/C++: android.ndkPath from module build.gradle is not set
C/C++: ndk.dir in local.properties is not set
C/C++: Not considering ANDROID_NDK_HOME because support was removed after deprecation period.
C/C++: sdkFolder is /home/boniface/Android/Sdk
C/C++: android.ndkVersion from module build.gradle is [27.1.12297006]
C/C++: android.ndkPath from module build.gradle is not set
C/C++: ndk.dir in local.properties is not set
C/C++: Not considering ANDROID_NDK_HOME because support was removed after deprecation period.
C/C++: sdkFolder is /home/boniface/Android/Sdk
C/C++: android.ndkVersion from module build.gradle is [27.1.12297006]
C/C++: android.ndkPath from module build.gradle is not set
C/C++: ndk.dir in local.properties is not set
C/C++: Not considering ANDROID_NDK_HOME because support was removed after deprecation period.
C/C++: sdkFolder is /home/boniface/Android/Sdk
C/C++: android.ndkVersion from module build.gradle is [27.1.12297006]
C/C++: android.ndkPath from module build.gradle is not set
C/C++: ndk.dir in local.properties is not set
C/C++: Not considering ANDROID_NDK_HOME because support was removed after deprecation period.
C/C++: sdkFolder is /home/boniface/Android/Sdk
C/C++: android.ndkVersion from module build.gradle is [27.1.12297006]
C/C++: android.ndkPath from module build.gradle is not set
C/C++: ndk.dir in local.properties is not set
C/C++: Not considering ANDROID_NDK_HOME because support was removed after deprecation period.
C/C++: sdkFolder is /home/boniface/Android/Sdk

> Configure project :react-native-svg
Evaluating project ':react-native-svg' using build file '/home/boniface/project/BiblePABMobile/node_modules/react-native-svg/android/build.gradle'.
Using default execution profile
Starting process 'command 'node''. Working directory: /home/boniface/project/BiblePABMobile/android Command: node --print require.resolve('react-native/package.json')
Successfully started process 'command 'node''
Starting process 'command 'node''. Working directory: /home/boniface/project/BiblePABMobile/android Command: node --print require.resolve('react-native/package.json')
Successfully started process 'command 'node''

> Configure project :react-native-tts
Evaluating project ':react-native-tts' using build file '/home/boniface/project/BiblePABMobile/node_modules/react-native-tts/android/build.gradle'.
Using default execution profile
All projects evaluated.
Task name matched 'assembleDebug'
Selected primary task 'assembleDebug' from project :
Adding -Xuse-inline-scopes-numbers Kotlin compiler flag for task :app:compileDebugKotlin
Registered task dependencies: app:debugCompileClasspath
Skipping misunderstood TO dep string: project :notifee_react-native
Skipping misunderstood TO dep string: org.jetbrains.kotlin:kotlin-stdlib
Skipping misunderstood TO dep string: org.jetbrains.kotlin:kotlin-stdlib
Skipping misunderstood TO dep string: org.jetbrains.kotlin:kotlin-stdlib
Skipping misunderstood TO dep string: project :react-native-async-storage_async-storage
Skipping misunderstood TO dep string: project :react-native-community_datetimepicker
Skipping misunderstood TO dep string: project :react-native-community_netinfo
Skipping misunderstood TO dep string: project :react-native-firebase_app
Skipping misunderstood TO dep string: project :react-native-firebase_messaging
Skipping misunderstood TO dep string: project :react-native-firebase_app
Skipping misunderstood TO dep string: project :react-native-masked-view_masked-view
Skipping misunderstood TO dep string: project :react-native-gesture-handler
Skipping misunderstood TO dep string: project :react-native-linear-gradient
Skipping misunderstood TO dep string: project :react-native-permissions
Skipping misunderstood TO dep string: project :react-native-reanimated
Skipping misunderstood TO dep string: project :react-native-safe-area-context
Skipping misunderstood TO dep string: project :react-native-screens
Skipping misunderstood TO dep string: project :react-native-svg
Skipping misunderstood TO dep string: project :react-native-tts
Skipping misunderstood TO dep string: project :react-native-worklets
Skipping misunderstood TO dep string: com.facebook.react:react-android
Skipping misunderstood TO dep string: com.facebook.react:hermes-android
Starting dependency analysis
Registered task dependencies: app:kotlinCompilerPluginClasspathDebug
Starting dependency analysis
Registered task dependencies: app:kotlinCompilerClasspath
Starting dependency analysis
Tasks to be executed: [task ':app:generateAutolinkingNewArchitectureFiles', task ':app:generateAutolinkingPackageList', task ':app:generateCodegenSchemaFromJavaScript', task ':app:generateCodegenArtifactsFromSchema', task ':app:generateReactNativeEntryPoint', task ':notifee_react-native:preBuild', task ':react-native-async-storage_async-storage:generateCodegenSchemaFromJavaScript', task ':react-native-async-storage_async-storage:generateCodegenArtifactsFromSchema', task ':react-native-async-storage_async-storage:preBuild', task ':react-native-community_datetimepicker:generateCodegenSchemaFromJavaScript', task ':react-native-community_datetimepicker:generateCodegenArtifactsFromSchema', task ':react-native-community_datetimepicker:preBuild', task ':react-native-community_netinfo:preBuild', task ':react-native-firebase_app:preBuild', task ':react-native-firebase_messaging:preBuild', task ':react-native-gesture-handler:generateCodegenSchemaFromJavaScript', task ':react-native-gesture-handler:generateCodegenArtifactsFromSchema', task ':react-native-gesture-handler:preBuild', task ':react-native-linear-gradient:preBuild', task ':react-native-masked-view_masked-view:preBuild', task ':react-native-permissions:generateCodegenSchemaFromJavaScript', task ':react-native-permissions:generateCodegenArtifactsFromSchema', task ':react-native-permissions:preBuild', task ':react-native-reanimated:assertMinimalReactNativeVersionTask', task ':react-native-reanimated:assertNewArchitectureEnabledTask', task ':react-native-reanimated:assertWorkletsVersionTask', task ':react-native-reanimated:generateCodegenSchemaFromJavaScript', task ':react-native-reanimated:generateCodegenArtifactsFromSchema', task ':react-native-reanimated:prepareReanimatedHeadersForPrefabs', task ':react-native-reanimated:preBuild', task ':react-native-safe-area-context:generateCodegenSchemaFromJavaScript', task ':react-native-safe-area-context:generateCodegenArtifactsFromSchema', task ':react-native-safe-area-context:preBuild', task ':react-native-screens:generateCodegenSchemaFromJavaScript', task ':react-native-screens:generateCodegenArtifactsFromSchema', task ':react-native-screens:preBuild', task ':react-native-svg:generateCodegenSchemaFromJavaScript', task ':react-native-svg:generateCodegenArtifactsFromSchema', task ':react-native-svg:preBuild', task ':react-native-tts:preBuild', task ':react-native-worklets:assertMinimalReactNativeVersionTask', task ':react-native-worklets:assertNewArchitectureEnabledTask', task ':react-native-worklets:generateCodegenSchemaFromJavaScript', task ':react-native-worklets:generateCodegenArtifactsFromSchema', task ':react-native-worklets:prepareWorkletsHeadersForPrefabs', task ':react-native-worklets:preBuild', task ':app:preBuild', task ':app:preDebugBuild', task ':app:mergeDebugNativeDebugMetadata', task ':app:checkKotlinGradlePluginConfigurationErrors', task ':app:generateDebugBuildConfig', task ':notifee_react-native:preDebugBuild', task ':notifee_react-native:writeDebugAarMetadata', task ':react-native-async-storage_async-storage:preDebugBuild', task ':react-native-async-storage_async-storage:writeDebugAarMetadata', task ':react-native-community_datetimepicker:preDebugBuild', task ':react-native-community_datetimepicker:writeDebugAarMetadata', task ':react-native-community_netinfo:preDebugBuild', task ':react-native-community_netinfo:writeDebugAarMetadata', task ':react-native-firebase_app:preDebugBuild', task ':react-native-firebase_app:writeDebugAarMetadata', task ':react-native-firebase_messaging:preDebugBuild', task ':react-native-firebase_messaging:writeDebugAarMetadata', task ':react-native-gesture-handler:preDebugBuild', task ':react-native-gesture-handler:writeDebugAarMetadata', task ':react-native-linear-gradient:preDebugBuild', task ':react-native-linear-gradient:writeDebugAarMetadata', task ':react-native-masked-view_masked-view:preDebugBuild', task ':react-native-masked-view_masked-view:writeDebugAarMetadata', task ':react-native-permissions:preDebugBuild', task ':react-native-permissions:writeDebugAarMetadata', task ':react-native-reanimated:preDebugBuild', task ':react-native-reanimated:writeDebugAarMetadata', task ':react-native-safe-area-context:preDebugBuild', task ':react-native-safe-area-context:writeDebugAarMetadata', task ':react-native-screens:preDebugBuild', task ':react-native-screens:writeDebugAarMetadata', task ':react-native-svg:preDebugBuild', task ':react-native-svg:writeDebugAarMetadata', task ':react-native-tts:preDebugBuild', task ':react-native-tts:writeDebugAarMetadata', task ':react-native-worklets:preDebugBuild', task ':react-native-worklets:writeDebugAarMetadata', task ':app:checkDebugAarMetadata', task ':app:generateDebugResValues', task ':app:processDebugGoogleServices', task ':notifee_react-native:generateDebugResValues', task ':notifee_react-native:generateDebugResources', task ':notifee_react-native:packageDebugResources', task ':react-native-async-storage_async-storage:generateDebugResValues', task ':react-native-async-storage_async-storage:generateDebugResources', task ':react-native-async-storage_async-storage:packageDebugResources', task ':react-native-community_datetimepicker:generateDebugResValues', task ':react-native-community_datetimepicker:generateDebugResources', task ':react-native-community_datetimepicker:packageDebugResources', task ':react-native-community_netinfo:generateDebugResValues', task ':react-native-community_netinfo:generateDebugResources', task ':react-native-community_netinfo:packageDebugResources', task ':react-native-firebase_app:generateDebugResValues', task ':react-native-firebase_app:generateDebugResources', task ':react-native-firebase_app:packageDebugResources', task ':react-native-firebase_messaging:generateDebugResValues', task ':react-native-firebase_messaging:generateDebugResources', task ':react-native-firebase_messaging:packageDebugResources', task ':react-native-gesture-handler:generateDebugResValues', task ':react-native-gesture-handler:generateDebugResources', task ':react-native-gesture-handler:packageDebugResources', task ':react-native-linear-gradient:generateDebugResValues', task ':react-native-linear-gradient:generateDebugResources', task ':react-native-linear-gradient:packageDebugResources', task ':react-native-masked-view_masked-view:generateDebugResValues', task ':react-native-masked-view_masked-view:generateDebugResources', task ':react-native-masked-view_masked-view:packageDebugResources', task ':react-native-permissions:generateDebugResValues', task ':react-native-permissions:generateDebugResources', task ':react-native-permissions:packageDebugResources', task ':react-native-reanimated:generateDebugResValues', task ':react-native-reanimated:generateDebugResources', task ':react-native-reanimated:packageDebugResources', task ':react-native-safe-area-context:generateDebugResValues', task ':react-native-safe-area-context:generateDebugResources', task ':react-native-safe-area-context:packageDebugResources', task ':react-native-screens:generateDebugResValues', task ':react-native-screens:generateDebugResources', task ':react-native-screens:packageDebugResources', task ':react-native-svg:generateDebugResValues', task ':react-native-svg:generateDebugResources', task ':react-native-svg:packageDebugResources', task ':react-native-tts:generateDebugResValues', task ':react-native-tts:generateDebugResources', task ':react-native-tts:packageDebugResources', task ':react-native-worklets:generateDebugResValues', task ':react-native-worklets:generateDebugResources', task ':react-native-worklets:packageDebugResources', task ':app:mapDebugSourceSetPaths', task ':app:generateDebugResources', task ':app:mergeDebugResources', task ':app:packageDebugResources', task ':app:parseDebugLocalResources', task ':app:createDebugCompatibleScreenManifests', task ':app:extractDeepLinksDebug', task ':notifee_react-native:extractDeepLinksDebug', task ':notifee_react-native:processDebugManifest', task ':react-native-async-storage_async-storage:extractDeepLinksDebug', task ':react-native-async-storage_async-storage:processDebugManifest', task ':react-native-community_datetimepicker:extractDeepLinksDebug', task ':react-native-community_datetimepicker:processDebugManifest', task ':react-native-community_netinfo:extractDeepLinksDebug', task ':react-native-community_netinfo:processDebugManifest', task ':react-native-firebase_app:extractDeepLinksDebug', task ':react-native-firebase_app:processDebugManifest', task ':react-native-firebase_messaging:extractDeepLinksDebug', task ':react-native-firebase_messaging:processDebugManifest', task ':react-native-gesture-handler:extractDeepLinksDebug', task ':react-native-gesture-handler:processDebugManifest', task ':react-native-linear-gradient:extractDeepLinksDebug', task ':react-native-linear-gradient:processDebugManifest', task ':react-native-masked-view_masked-view:extractDeepLinksDebug', task ':react-native-masked-view_masked-view:processDebugManifest', task ':react-native-permissions:extractDeepLinksDebug', task ':react-native-permissions:processDebugManifest', task ':react-native-reanimated:extractDeepLinksDebug', task ':react-native-reanimated:processDebugManifest', task ':react-native-safe-area-context:extractDeepLinksDebug', task ':react-native-safe-area-context:processDebugManifest', task ':react-native-screens:extractDeepLinksDebug', task ':react-native-screens:processDebugManifest', task ':react-native-svg:extractDeepLinksDebug', task ':react-native-svg:processDebugManifest', task ':react-native-tts:extractDeepLinksDebug', task ':react-native-tts:processDebugManifest', task ':react-native-worklets:extractDeepLinksDebug', task ':react-native-worklets:processDebugManifest', task ':app:processDebugMainManifest', task ':app:processDebugManifest', task ':app:processDebugManifestForPackage', task ':notifee_react-native:compileDebugLibraryResources', task ':notifee_react-native:parseDebugLocalResources', task ':notifee_react-native:generateDebugRFile', task ':react-native-async-storage_async-storage:compileDebugLibraryResources', task ':react-native-async-storage_async-storage:parseDebugLocalResources', task ':react-native-async-storage_async-storage:generateDebugRFile', task ':react-native-community_datetimepicker:compileDebugLibraryResources', task ':react-native-community_datetimepicker:parseDebugLocalResources', task ':react-native-community_datetimepicker:generateDebugRFile', task ':react-native-community_netinfo:compileDebugLibraryResources', task ':react-native-community_netinfo:parseDebugLocalResources', task ':react-native-community_netinfo:generateDebugRFile', task ':react-native-firebase_app:compileDebugLibraryResources', task ':react-native-firebase_app:parseDebugLocalResources', task ':react-native-firebase_app:generateDebugRFile', task ':react-native-firebase_messaging:compileDebugLibraryResources', task ':react-native-firebase_messaging:parseDebugLocalResources', task ':react-native-firebase_messaging:generateDebugRFile', task ':react-native-gesture-handler:compileDebugLibraryResources', task ':react-native-gesture-handler:parseDebugLocalResources', task ':react-native-gesture-handler:generateDebugRFile', task ':react-native-linear-gradient:compileDebugLibraryResources', task ':react-native-linear-gradient:parseDebugLocalResources', task ':react-native-linear-gradient:generateDebugRFile', task ':react-native-masked-view_masked-view:compileDebugLibraryResources', task ':react-native-masked-view_masked-view:parseDebugLocalResources', task ':react-native-masked-view_masked-view:generateDebugRFile', task ':react-native-permissions:compileDebugLibraryResources', task ':react-native-permissions:parseDebugLocalResources', task ':react-native-permissions:generateDebugRFile', task ':react-native-reanimated:compileDebugLibraryResources', task ':react-native-reanimated:parseDebugLocalResources', task ':react-native-reanimated:generateDebugRFile', task ':react-native-safe-area-context:compileDebugLibraryResources', task ':react-native-safe-area-context:parseDebugLocalResources', task ':react-native-safe-area-context:generateDebugRFile', task ':react-native-screens:compileDebugLibraryResources', task ':react-native-screens:parseDebugLocalResources', task ':react-native-screens:generateDebugRFile', task ':react-native-svg:compileDebugLibraryResources', task ':react-native-svg:parseDebugLocalResources', task ':react-native-svg:generateDebugRFile', task ':react-native-tts:compileDebugLibraryResources', task ':react-native-tts:parseDebugLocalResources', task ':react-native-tts:generateDebugRFile', task ':react-native-worklets:compileDebugLibraryResources', task ':react-native-worklets:parseDebugLocalResources', task ':react-native-worklets:generateDebugRFile', task ':app:processDebugResources', task ':notifee_react-native:generateDebugBuildConfig', task ':notifee_react-native:javaPreCompileDebug', task ':notifee_react-native:compileDebugJavaWithJavac', task ':notifee_react-native:bundleLibCompileToJarDebug', task ':react-native-async-storage_async-storage:generateDebugBuildConfig', task ':react-native-async-storage_async-storage:javaPreCompileDebug', task ':react-native-async-storage_async-storage:compileDebugJavaWithJavac', task ':react-native-async-storage_async-storage:bundleLibCompileToJarDebug', task ':react-native-community_datetimepicker:checkKotlinGradlePluginConfigurationErrors', task ':react-native-community_datetimepicker:generateDebugBuildConfig', task ':react-native-community_datetimepicker:compileDebugKotlin', task ':react-native-community_datetimepicker:javaPreCompileDebug', task ':react-native-community_datetimepicker:compileDebugJavaWithJavac', task ':react-native-community_datetimepicker:bundleLibCompileToJarDebug', task ':react-native-community_netinfo:generateDebugBuildConfig', task ':react-native-community_netinfo:javaPreCompileDebug', task ':react-native-community_netinfo:compileDebugJavaWithJavac', task ':react-native-community_netinfo:bundleLibCompileToJarDebug', task ':react-native-firebase_app:generateDebugBuildConfig', task ':react-native-firebase_app:javaPreCompileDebug', task ':react-native-firebase_app:compileDebugJavaWithJavac', task ':react-native-firebase_app:bundleLibCompileToJarDebug', task ':react-native-firebase_messaging:generateDebugBuildConfig', task ':react-native-firebase_messaging:javaPreCompileDebug', task ':react-native-firebase_messaging:compileDebugJavaWithJavac', task ':react-native-firebase_messaging:bundleLibCompileToJarDebug', task ':react-native-gesture-handler:checkKotlinGradlePluginConfigurationErrors', task ':react-native-gesture-handler:generateDebugBuildConfig', task ':react-native-reanimated:generateDebugBuildConfig', task ':react-native-reanimated:javaPreCompileDebug', task ':react-native-worklets:generateDebugBuildConfig', task ':react-native-worklets:javaPreCompileDebug', task ':react-native-worklets:compileDebugJavaWithJavac', task ':react-native-worklets:bundleLibCompileToJarDebug', task ':react-native-reanimated:compileDebugJavaWithJavac', task ':react-native-reanimated:bundleLibCompileToJarDebug', task ':react-native-svg:generateDebugBuildConfig', task ':react-native-svg:javaPreCompileDebug', task ':react-native-svg:compileDebugJavaWithJavac', task ':react-native-svg:bundleLibCompileToJarDebug', task ':react-native-gesture-handler:compileDebugKotlin', task ':react-native-gesture-handler:javaPreCompileDebug', task ':react-native-gesture-handler:compileDebugJavaWithJavac', task ':react-native-gesture-handler:bundleLibCompileToJarDebug', task ':react-native-linear-gradient:generateDebugBuildConfig', task ':react-native-linear-gradient:javaPreCompileDebug', task ':react-native-linear-gradient:compileDebugJavaWithJavac', task ':react-native-linear-gradient:bundleLibCompileToJarDebug', task ':react-native-masked-view_masked-view:generateDebugBuildConfig', task ':react-native-masked-view_masked-view:javaPreCompileDebug', task ':react-native-masked-view_masked-view:compileDebugJavaWithJavac', task ':react-native-masked-view_masked-view:bundleLibCompileToJarDebug', task ':react-native-permissions:checkKotlinGradlePluginConfigurationErrors', task ':react-native-permissions:generateDebugBuildConfig', task ':react-native-permissions:compileDebugKotlin', task ':react-native-permissions:javaPreCompileDebug', task ':react-native-permissions:compileDebugJavaWithJavac', task ':react-native-permissions:bundleLibCompileToJarDebug', task ':react-native-safe-area-context:checkKotlinGradlePluginConfigurationErrors', task ':react-native-safe-area-context:generateDebugBuildConfig', task ':react-native-safe-area-context:compileDebugKotlin', task ':react-native-safe-area-context:javaPreCompileDebug', task ':react-native-safe-area-context:compileDebugJavaWithJavac', task ':react-native-safe-area-context:bundleLibCompileToJarDebug', task ':react-native-screens:checkKotlinGradlePluginConfigurationErrors', task ':react-native-screens:generateDebugBuildConfig', task ':react-native-screens:compileDebugKotlin', task ':react-native-screens:javaPreCompileDebug', task ':react-native-screens:compileDebugJavaWithJavac', task ':react-native-screens:bundleLibCompileToJarDebug', task ':react-native-tts:generateDebugBuildConfig', task ':react-native-tts:javaPreCompileDebug', task ':react-native-tts:compileDebugJavaWithJavac', task ':react-native-tts:bundleLibCompileToJarDebug', task ':app:compileDebugKotlin', task ':app:javaPreCompileDebug', task ':app:compileDebugJavaWithJavac', task ':app:mergeDebugShaders', task ':app:compileDebugShaders', task ':app:generateDebugAssets', task ':notifee_react-native:mergeDebugShaders', task ':notifee_react-native:compileDebugShaders', task ':notifee_react-native:generateDebugAssets', task ':notifee_react-native:mergeDebugAssets', task ':react-native-async-storage_async-storage:mergeDebugShaders', task ':react-native-async-storage_async-storage:compileDebugShaders', task ':react-native-async-storage_async-storage:generateDebugAssets', task ':react-native-async-storage_async-storage:mergeDebugAssets', task ':react-native-community_datetimepicker:mergeDebugShaders', task ':react-native-community_datetimepicker:compileDebugShaders', task ':react-native-community_datetimepicker:generateDebugAssets', task ':react-native-community_datetimepicker:mergeDebugAssets', task ':react-native-community_netinfo:mergeDebugShaders', task ':react-native-community_netinfo:compileDebugShaders', task ':react-native-community_netinfo:generateDebugAssets', task ':react-native-community_netinfo:mergeDebugAssets', task ':react-native-firebase_app:mergeDebugShaders', task ':react-native-firebase_app:compileDebugShaders', task ':react-native-firebase_app:generateDebugAssets', task ':react-native-firebase_app:mergeDebugAssets', task ':react-native-firebase_messaging:mergeDebugShaders', task ':react-native-firebase_messaging:compileDebugShaders', task ':react-native-firebase_messaging:generateDebugAssets', task ':react-native-firebase_messaging:mergeDebugAssets', task ':react-native-gesture-handler:mergeDebugShaders', task ':react-native-gesture-handler:compileDebugShaders', task ':react-native-gesture-handler:generateDebugAssets', task ':react-native-gesture-handler:mergeDebugAssets', task ':react-native-linear-gradient:mergeDebugShaders', task ':react-native-linear-gradient:compileDebugShaders', task ':react-native-linear-gradient:generateDebugAssets', task ':react-native-linear-gradient:mergeDebugAssets', task ':react-native-masked-view_masked-view:mergeDebugShaders', task ':react-native-masked-view_masked-view:compileDebugShaders', task ':react-native-masked-view_masked-view:generateDebugAssets', task ':react-native-masked-view_masked-view:mergeDebugAssets', task ':react-native-permissions:mergeDebugShaders', task ':react-native-permissions:compileDebugShaders', task ':react-native-permissions:generateDebugAssets', task ':react-native-permissions:mergeDebugAssets', task ':react-native-reanimated:mergeDebugShaders', task ':react-native-reanimated:compileDebugShaders', task ':react-native-reanimated:generateDebugAssets', task ':react-native-reanimated:mergeDebugAssets', task ':react-native-safe-area-context:mergeDebugShaders', task ':react-native-safe-area-context:compileDebugShaders', task ':react-native-safe-area-context:generateDebugAssets', task ':react-native-safe-area-context:mergeDebugAssets', task ':react-native-screens:mergeDebugShaders', task ':react-native-screens:compileDebugShaders', task ':react-native-screens:generateDebugAssets', task ':react-native-screens:mergeDebugAssets', task ':react-native-svg:mergeDebugShaders', task ':react-native-svg:compileDebugShaders', task ':react-native-svg:generateDebugAssets', task ':react-native-svg:mergeDebugAssets', task ':react-native-tts:mergeDebugShaders', task ':react-native-tts:compileDebugShaders', task ':react-native-tts:generateDebugAssets', task ':react-native-tts:mergeDebugAssets', task ':react-native-worklets:mergeDebugShaders', task ':react-native-worklets:compileDebugShaders', task ':react-native-worklets:generateDebugAssets', task ':react-native-worklets:mergeDebugAssets', task ':app:mergeDebugAssets', task ':app:compressDebugAssets', task ':react-native-community_datetimepicker:bundleLibRuntimeToJarDebug', task ':react-native-gesture-handler:bundleLibRuntimeToJarDebug', task ':react-native-permissions:bundleLibRuntimeToJarDebug', task ':react-native-safe-area-context:bundleLibRuntimeToJarDebug', task ':react-native-screens:bundleLibRuntimeToJarDebug', task ':notifee_react-native:bundleLibRuntimeToJarDebug', task ':react-native-async-storage_async-storage:bundleLibRuntimeToJarDebug', task ':react-native-community_netinfo:bundleLibRuntimeToJarDebug', task ':react-native-firebase_messaging:bundleLibRuntimeToJarDebug', task ':react-native-firebase_app:bundleLibRuntimeToJarDebug', task ':react-native-masked-view_masked-view:bundleLibRuntimeToJarDebug', task ':react-native-linear-gradient:bundleLibRuntimeToJarDebug', task ':react-native-reanimated:bundleLibRuntimeToJarDebug', task ':react-native-svg:bundleLibRuntimeToJarDebug', task ':react-native-tts:bundleLibRuntimeToJarDebug', task ':react-native-worklets:bundleLibRuntimeToJarDebug', task ':app:desugarDebugFileDependencies', task ':app:dexBuilderDebug', task ':app:mergeDebugGlobalSynthetics', task ':app:processDebugJavaRes', task ':notifee_react-native:processDebugJavaRes', task ':react-native-async-storage_async-storage:processDebugJavaRes', task ':react-native-community_datetimepicker:processDebugJavaRes', task ':react-native-community_netinfo:processDebugJavaRes', task ':react-native-firebase_app:processDebugJavaRes', task ':react-native-firebase_messaging:processDebugJavaRes', task ':react-native-gesture-handler:processDebugJavaRes', task ':react-native-linear-gradient:processDebugJavaRes', task ':react-native-masked-view_masked-view:processDebugJavaRes', task ':react-native-permissions:processDebugJavaRes', task ':react-native-reanimated:processDebugJavaRes', task ':react-native-safe-area-context:processDebugJavaRes', task ':react-native-screens:processDebugJavaRes', task ':react-native-svg:processDebugJavaRes', task ':react-native-tts:processDebugJavaRes', task ':react-native-worklets:processDebugJavaRes', task ':app:mergeDebugJavaResource', task ':app:checkDebugDuplicateClasses', task ':app:mergeExtDexDebug', task ':react-native-community_datetimepicker:bundleLibRuntimeToDirDebug', task ':react-native-gesture-handler:bundleLibRuntimeToDirDebug', task ':react-native-permissions:bundleLibRuntimeToDirDebug', task ':react-native-safe-area-context:bundleLibRuntimeToDirDebug', task ':react-native-screens:bundleLibRuntimeToDirDebug', task ':notifee_react-native:bundleLibRuntimeToDirDebug', task ':react-native-async-storage_async-storage:bundleLibRuntimeToDirDebug', task ':react-native-community_netinfo:bundleLibRuntimeToDirDebug', task ':react-native-firebase_messaging:bundleLibRuntimeToDirDebug', task ':react-native-firebase_app:bundleLibRuntimeToDirDebug', task ':react-native-masked-view_masked-view:bundleLibRuntimeToDirDebug', task ':react-native-linear-gradient:bundleLibRuntimeToDirDebug', task ':react-native-reanimated:bundleLibRuntimeToDirDebug', task ':react-native-svg:bundleLibRuntimeToDirDebug', task ':react-native-tts:bundleLibRuntimeToDirDebug', task ':react-native-worklets:bundleLibRuntimeToDirDebug', task ':app:mergeLibDexDebug', task ':app:mergeProjectDexDebug', task ':react-native-worklets:configureCMakeDebug[arm64-v8a]', task ':react-native-worklets:buildCMakeDebug[arm64-v8a][worklets]', task ':react-native-worklets:configureCMakeDebug[armeabi-v7a]', task ':react-native-worklets:buildCMakeDebug[armeabi-v7a][worklets]', task ':react-native-worklets:configureCMakeDebug[x86]', task ':react-native-worklets:buildCMakeDebug[x86][worklets]', task ':react-native-worklets:configureCMakeDebug[x86_64]', task ':react-native-worklets:buildCMakeDebug[x86_64][worklets]', task ':react-native-worklets:externalNativeBuildDebug', task ':react-native-worklets:generateJsonModelDebug', task ':react-native-worklets:prefabDebugConfigurePackage', task ':react-native-reanimated:configureCMakeDebug[arm64-v8a]', task ':react-native-reanimated:configureCMakeDebug[armeabi-v7a]', task ':react-native-reanimated:configureCMakeDebug[x86]', task ':react-native-reanimated:configureCMakeDebug[x86_64]', task ':react-native-reanimated:generateJsonModelDebug', task ':react-native-reanimated:prefabDebugConfigurePackage', task ':app:configureCMakeDebug[arm64-v8a]', task ':react-native-worklets:prefabDebugPackage', task ':react-native-reanimated:buildCMakeDebug[arm64-v8a][reanimated]', task ':react-native-reanimated:buildCMakeDebug[armeabi-v7a][reanimated]', task ':react-native-reanimated:buildCMakeDebug[x86][reanimated]', task ':react-native-reanimated:buildCMakeDebug[x86_64][reanimated]', task ':react-native-worklets:mergeDebugJniLibFolders', task ':react-native-worklets:mergeDebugNativeLibs', task ':react-native-worklets:copyDebugJniLibsProjectOnly', task ':react-native-reanimated:externalNativeBuildDebug', task ':react-native-reanimated:prefabDebugPackage', task ':app:buildCMakeDebug[arm64-v8a]', task ':app:configureCMakeDebug[armeabi-v7a]', task ':app:buildCMakeDebug[armeabi-v7a]', task ':app:configureCMakeDebug[x86]', task ':app:buildCMakeDebug[x86]', task ':app:configureCMakeDebug[x86_64]', task ':app:buildCMakeDebug[x86_64]', task ':app:mergeDebugJniLibFolders', task ':notifee_react-native:mergeDebugJniLibFolders', task ':notifee_react-native:mergeDebugNativeLibs', task ':notifee_react-native:copyDebugJniLibsProjectOnly', task ':react-native-async-storage_async-storage:mergeDebugJniLibFolders', task ':react-native-async-storage_async-storage:mergeDebugNativeLibs', task ':react-native-async-storage_async-storage:copyDebugJniLibsProjectOnly', task ':react-native-community_datetimepicker:mergeDebugJniLibFolders', task ':react-native-community_datetimepicker:mergeDebugNativeLibs', task ':react-native-community_datetimepicker:copyDebugJniLibsProjectOnly', task ':react-native-community_netinfo:mergeDebugJniLibFolders', task ':react-native-community_netinfo:mergeDebugNativeLibs', task ':react-native-community_netinfo:copyDebugJniLibsProjectOnly', task ':react-native-firebase_app:mergeDebugJniLibFolders', task ':react-native-firebase_app:mergeDebugNativeLibs', task ':react-native-firebase_app:copyDebugJniLibsProjectOnly', task ':react-native-firebase_messaging:mergeDebugJniLibFolders', task ':react-native-firebase_messaging:mergeDebugNativeLibs', task ':react-native-firebase_messaging:copyDebugJniLibsProjectOnly', task ':react-native-gesture-handler:configureCMakeDebug[arm64-v8a]', task ':react-native-gesture-handler:buildCMakeDebug[arm64-v8a]', task ':react-native-gesture-handler:configureCMakeDebug[armeabi-v7a]', task ':react-native-gesture-handler:buildCMakeDebug[armeabi-v7a]', task ':react-native-gesture-handler:configureCMakeDebug[x86]', task ':react-native-gesture-handler:buildCMakeDebug[x86]', task ':react-native-gesture-handler:configureCMakeDebug[x86_64]', task ':react-native-gesture-handler:buildCMakeDebug[x86_64]', task ':react-native-gesture-handler:mergeDebugJniLibFolders', task ':react-native-gesture-handler:mergeDebugNativeLibs', task ':react-native-gesture-handler:copyDebugJniLibsProjectOnly', task ':react-native-linear-gradient:mergeDebugJniLibFolders', task ':react-native-linear-gradient:mergeDebugNativeLibs', task ':react-native-linear-gradient:copyDebugJniLibsProjectOnly', task ':react-native-masked-view_masked-view:mergeDebugJniLibFolders', task ':react-native-masked-view_masked-view:mergeDebugNativeLibs', task ':react-native-masked-view_masked-view:copyDebugJniLibsProjectOnly', task ':react-native-permissions:mergeDebugJniLibFolders', task ':react-native-permissions:mergeDebugNativeLibs', task ':react-native-permissions:copyDebugJniLibsProjectOnly', task ':react-native-reanimated:mergeDebugJniLibFolders', task ':react-native-reanimated:mergeDebugNativeLibs', task ':react-native-reanimated:copyDebugJniLibsProjectOnly', task ':react-native-safe-area-context:mergeDebugJniLibFolders', task ':react-native-safe-area-context:mergeDebugNativeLibs', task ':react-native-safe-area-context:copyDebugJniLibsProjectOnly', task ':react-native-screens:configureCMakeDebug[arm64-v8a]', task ':react-native-screens:buildCMakeDebug[arm64-v8a]', task ':react-native-screens:configureCMakeDebug[armeabi-v7a]', task ':react-native-screens:buildCMakeDebug[armeabi-v7a]', task ':react-native-screens:configureCMakeDebug[x86]', task ':react-native-screens:buildCMakeDebug[x86]', task ':react-native-screens:configureCMakeDebug[x86_64]', task ':react-native-screens:buildCMakeDebug[x86_64]', task ':react-native-screens:mergeDebugJniLibFolders', task ':react-native-screens:mergeDebugNativeLibs', task ':react-native-screens:copyDebugJniLibsProjectOnly', task ':react-native-svg:mergeDebugJniLibFolders', task ':react-native-svg:mergeDebugNativeLibs', task ':react-native-svg:copyDebugJniLibsProjectOnly', task ':react-native-tts:mergeDebugJniLibFolders', task ':react-native-tts:mergeDebugNativeLibs', task ':react-native-tts:copyDebugJniLibsProjectOnly', task ':app:mergeDebugNativeLibs', task ':app:stripDebugDebugSymbols', task ':app:validateSigningDebug', task ':app:writeDebugAppMetadata', task ':app:writeDebugSigningConfigVersions', task ':app:packageDebug', task ':app:createDebugApkListingFileRedirect', task ':app:assembleDebug', task ':notifee_react-native:stripDebugDebugSymbols', task ':notifee_react-native:copyDebugJniLibsProjectAndLocalJars', task ':notifee_react-native:extractDebugAnnotations', task ':notifee_react-native:extractDeepLinksForAarDebug', task ':notifee_react-native:mergeDebugGeneratedProguardFiles', task ':notifee_react-native:mergeDebugConsumerProguardFiles', task ':notifee_react-native:prepareDebugArtProfile', task ':notifee_react-native:prepareLintJarForPublish', task ':notifee_react-native:mergeDebugJavaResource', task ':notifee_react-native:syncDebugLibJars', task ':notifee_react-native:bundleDebugAar', task ':notifee_react-native:assembleDebug', task ':react-native-async-storage_async-storage:stripDebugDebugSymbols', task ':react-native-async-storage_async-storage:copyDebugJniLibsProjectAndLocalJars', task ':react-native-async-storage_async-storage:extractDebugAnnotations', task ':react-native-async-storage_async-storage:extractDeepLinksForAarDebug', task ':react-native-async-storage_async-storage:mergeDebugGeneratedProguardFiles', task ':react-native-async-storage_async-storage:mergeDebugConsumerProguardFiles', task ':react-native-async-storage_async-storage:prepareDebugArtProfile', task ':react-native-async-storage_async-storage:prepareLintJarForPublish', task ':react-native-async-storage_async-storage:mergeDebugJavaResource', task ':react-native-async-storage_async-storage:syncDebugLibJars', task ':react-native-async-storage_async-storage:bundleDebugAar', task ':react-native-async-storage_async-storage:assembleDebug', task ':react-native-community_datetimepicker:stripDebugDebugSymbols', task ':react-native-community_datetimepicker:copyDebugJniLibsProjectAndLocalJars', task ':react-native-community_datetimepicker:extractDebugAnnotations', task ':react-native-community_datetimepicker:extractDeepLinksForAarDebug', task ':react-native-community_datetimepicker:mergeDebugGeneratedProguardFiles', task ':react-native-community_datetimepicker:mergeDebugConsumerProguardFiles', task ':react-native-community_datetimepicker:prepareDebugArtProfile', task ':react-native-community_datetimepicker:prepareLintJarForPublish', task ':react-native-community_datetimepicker:mergeDebugJavaResource', task ':react-native-community_datetimepicker:syncDebugLibJars', task ':react-native-community_datetimepicker:bundleDebugAar', task ':react-native-community_datetimepicker:assembleDebug', task ':react-native-community_netinfo:stripDebugDebugSymbols', task ':react-native-community_netinfo:copyDebugJniLibsProjectAndLocalJars', task ':react-native-community_netinfo:extractDebugAnnotations', task ':react-native-community_netinfo:extractDeepLinksForAarDebug', task ':react-native-community_netinfo:mergeDebugGeneratedProguardFiles', task ':react-native-community_netinfo:mergeDebugConsumerProguardFiles', task ':react-native-community_netinfo:prepareDebugArtProfile', task ':react-native-community_netinfo:prepareLintJarForPublish', task ':react-native-community_netinfo:mergeDebugJavaResource', task ':react-native-community_netinfo:syncDebugLibJars', task ':react-native-community_netinfo:bundleDebugAar', task ':react-native-community_netinfo:assembleDebug', task ':react-native-firebase_app:stripDebugDebugSymbols', task ':react-native-firebase_app:copyDebugJniLibsProjectAndLocalJars', task ':react-native-firebase_app:extractDebugAnnotations', task ':react-native-firebase_app:extractDeepLinksForAarDebug', task ':react-native-firebase_app:mergeDebugGeneratedProguardFiles', task ':react-native-firebase_app:mergeDebugConsumerProguardFiles', task ':react-native-firebase_app:prepareDebugArtProfile', task ':react-native-firebase_app:prepareLintJarForPublish', task ':react-native-firebase_app:mergeDebugJavaResource', task ':react-native-firebase_app:syncDebugLibJars', task ':react-native-firebase_app:bundleDebugAar', task ':react-native-firebase_app:assembleDebug', task ':react-native-firebase_messaging:stripDebugDebugSymbols', task ':react-native-firebase_messaging:copyDebugJniLibsProjectAndLocalJars', task ':react-native-firebase_messaging:extractDebugAnnotations', task ':react-native-firebase_messaging:extractDeepLinksForAarDebug', task ':react-native-firebase_messaging:mergeDebugGeneratedProguardFiles', task ':react-native-firebase_messaging:mergeDebugConsumerProguardFiles', task ':react-native-firebase_messaging:prepareDebugArtProfile', task ':react-native-firebase_messaging:prepareLintJarForPublish', task ':react-native-firebase_messaging:mergeDebugJavaResource', task ':react-native-firebase_messaging:syncDebugLibJars', task ':react-native-firebase_messaging:bundleDebugAar', task ':react-native-firebase_messaging:assembleDebug', task ':react-native-gesture-handler:stripDebugDebugSymbols', task ':react-native-gesture-handler:copyDebugJniLibsProjectAndLocalJars', task ':react-native-gesture-handler:extractDebugAnnotations', task ':react-native-gesture-handler:extractDeepLinksForAarDebug', task ':react-native-gesture-handler:mergeDebugGeneratedProguardFiles', task ':react-native-gesture-handler:mergeDebugConsumerProguardFiles', task ':react-native-gesture-handler:prepareDebugArtProfile', task ':react-native-gesture-handler:prepareLintJarForPublish', task ':react-native-gesture-handler:mergeDebugJavaResource', task ':react-native-gesture-handler:syncDebugLibJars', task ':react-native-gesture-handler:bundleDebugAar', task ':react-native-gesture-handler:assembleDebug', task ':react-native-linear-gradient:stripDebugDebugSymbols', task ':react-native-linear-gradient:copyDebugJniLibsProjectAndLocalJars', task ':react-native-linear-gradient:extractDebugAnnotations', task ':react-native-linear-gradient:extractDeepLinksForAarDebug', task ':react-native-linear-gradient:mergeDebugGeneratedProguardFiles', task ':react-native-linear-gradient:mergeDebugConsumerProguardFiles', task ':react-native-linear-gradient:prepareDebugArtProfile', task ':react-native-linear-gradient:prepareLintJarForPublish', task ':react-native-linear-gradient:mergeDebugJavaResource', task ':react-native-linear-gradient:syncDebugLibJars', task ':react-native-linear-gradient:bundleDebugAar', task ':react-native-linear-gradient:assembleDebug', task ':react-native-masked-view_masked-view:stripDebugDebugSymbols', task ':react-native-masked-view_masked-view:copyDebugJniLibsProjectAndLocalJars', task ':react-native-masked-view_masked-view:extractDebugAnnotations', task ':react-native-masked-view_masked-view:extractDeepLinksForAarDebug', task ':react-native-masked-view_masked-view:mergeDebugGeneratedProguardFiles', task ':react-native-masked-view_masked-view:mergeDebugConsumerProguardFiles', task ':react-native-masked-view_masked-view:prepareDebugArtProfile', task ':react-native-masked-view_masked-view:prepareLintJarForPublish', task ':react-native-masked-view_masked-view:mergeDebugJavaResource', task ':react-native-masked-view_masked-view:syncDebugLibJars', task ':react-native-masked-view_masked-view:bundleDebugAar', task ':react-native-masked-view_masked-view:assembleDebug', task ':react-native-permissions:stripDebugDebugSymbols', task ':react-native-permissions:copyDebugJniLibsProjectAndLocalJars', task ':react-native-permissions:extractDebugAnnotations', task ':react-native-permissions:extractDeepLinksForAarDebug', task ':react-native-permissions:mergeDebugGeneratedProguardFiles', task ':react-native-permissions:mergeDebugConsumerProguardFiles', task ':react-native-permissions:prepareDebugArtProfile', task ':react-native-permissions:prepareLintJarForPublish', task ':react-native-permissions:mergeDebugJavaResource', task ':react-native-permissions:syncDebugLibJars', task ':react-native-permissions:bundleDebugAar', task ':react-native-permissions:assembleDebug', task ':react-native-reanimated:stripDebugDebugSymbols', task ':react-native-reanimated:copyDebugJniLibsProjectAndLocalJars', task ':react-native-reanimated:extractDebugAnnotations', task ':react-native-reanimated:extractDeepLinksForAarDebug', task ':react-native-reanimated:mergeDebugGeneratedProguardFiles', task ':react-native-reanimated:mergeDebugConsumerProguardFiles', task ':react-native-reanimated:prepareDebugArtProfile', task ':react-native-reanimated:prepareLintJarForPublish', task ':react-native-reanimated:mergeDebugJavaResource', task ':react-native-reanimated:syncDebugLibJars', task ':react-native-reanimated:bundleDebugAar', task ':react-native-reanimated:assembleDebug', task ':react-native-safe-area-context:stripDebugDebugSymbols', task ':react-native-safe-area-context:copyDebugJniLibsProjectAndLocalJars', task ':react-native-safe-area-context:extractDebugAnnotations', task ':react-native-safe-area-context:extractDeepLinksForAarDebug', task ':react-native-safe-area-context:mergeDebugGeneratedProguardFiles', task ':react-native-safe-area-context:mergeDebugConsumerProguardFiles', task ':react-native-safe-area-context:prepareDebugArtProfile', task ':react-native-safe-area-context:prepareLintJarForPublish', task ':react-native-safe-area-context:mergeDebugJavaResource', task ':react-native-safe-area-context:syncDebugLibJars', task ':react-native-safe-area-context:bundleDebugAar', task ':react-native-safe-area-context:assembleDebug', task ':react-native-screens:stripDebugDebugSymbols', task ':react-native-screens:copyDebugJniLibsProjectAndLocalJars', task ':react-native-screens:extractDebugAnnotations', task ':react-native-screens:extractDeepLinksForAarDebug', task ':react-native-screens:mergeDebugGeneratedProguardFiles', task ':react-native-screens:mergeDebugConsumerProguardFiles', task ':react-native-screens:prepareDebugArtProfile', task ':react-native-screens:prepareLintJarForPublish', task ':react-native-screens:mergeDebugJavaResource', task ':react-native-screens:syncDebugLibJars', task ':react-native-screens:bundleDebugAar', task ':react-native-screens:assembleDebug', task ':react-native-svg:stripDebugDebugSymbols', task ':react-native-svg:copyDebugJniLibsProjectAndLocalJars', task ':react-native-svg:extractDebugAnnotations', task ':react-native-svg:extractDeepLinksForAarDebug', task ':react-native-svg:mergeDebugGeneratedProguardFiles', task ':react-native-svg:mergeDebugConsumerProguardFiles', task ':react-native-svg:prepareDebugArtProfile', task ':react-native-svg:prepareLintJarForPublish', task ':react-native-svg:mergeDebugJavaResource', task ':react-native-svg:syncDebugLibJars', task ':react-native-svg:bundleDebugAar', task ':react-native-svg:assembleDebug', task ':react-native-tts:stripDebugDebugSymbols', task ':react-native-tts:copyDebugJniLibsProjectAndLocalJars', task ':react-native-tts:extractDebugAnnotations', task ':react-native-tts:extractDeepLinksForAarDebug', task ':react-native-tts:mergeDebugGeneratedProguardFiles', task ':react-native-tts:mergeDebugConsumerProguardFiles', task ':react-native-tts:prepareDebugArtProfile', task ':react-native-tts:prepareLintJarForPublish', task ':react-native-tts:mergeDebugJavaResource', task ':react-native-tts:syncDebugLibJars', task ':react-native-tts:bundleDebugAar', task ':react-native-tts:assembleDebug', task ':react-native-worklets:stripDebugDebugSymbols', task ':react-native-worklets:copyDebugJniLibsProjectAndLocalJars', task ':react-native-worklets:extractDebugAnnotations', task ':react-native-worklets:extractDeepLinksForAarDebug', task ':react-native-worklets:mergeDebugGeneratedProguardFiles', task ':react-native-worklets:mergeDebugConsumerProguardFiles', task ':react-native-worklets:prepareDebugArtProfile', task ':react-native-worklets:prepareLintJarForPublish', task ':react-native-worklets:mergeDebugJavaResource', task ':react-native-worklets:syncDebugLibJars', task ':react-native-worklets:bundleDebugAar', task ':react-native-worklets:assembleDebug']
Tasks that were excluded: []
work action Parameters of IdentityTransform (Thread[included builds,5,main]) started.
work action Parameters of DexingNoClasspathTransform (Thread[included builds,5,main]) started.
work action Parameters of DexingOutputSplitTransform (Thread[included builds,5,main]) started.
work action Parameters of ClassesDirToClassesTransform (Thread[Execution worker Thread 2,5,main]) started.
work action Parameters of DexingOutputSplitTransform (Thread[Execution worker Thread 2,5,main]) started.
Resolve mutations for :app:generateAutolinkingNewArchitectureFiles (Thread[Execution worker Thread 2,5,main]) started.
:app:generateAutolinkingNewArchitectureFiles (Thread[included builds,5,main]) started.
Invalidating in-memory cache of /home/boniface/project/BiblePABMobile/android/.gradle/9.0.0/executionHistory/executionHistory.bin

> Task :app:generateAutolinkingNewArchitectureFiles
Caching disabled for task ':app:generateAutolinkingNewArchitectureFiles' because:
  Build cache is disabled
  Caching has not been enabled for the task
Task ':app:generateAutolinkingNewArchitectureFiles' is not up-to-date because:
  No history is available.
Resolve mutations for :app:generateAutolinkingPackageList (Thread[included builds,5,main]) started.
:app:generateAutolinkingPackageList (Thread[included builds,5,main]) started.

> Task :app:generateAutolinkingPackageList
Caching disabled for task ':app:generateAutolinkingPackageList' because:
  Build cache is disabled
  Caching has not been enabled for the task
Task ':app:generateAutolinkingPackageList' is not up-to-date because:
  No history is available.
Resolve mutations for :app:generateCodegenSchemaFromJavaScript (Thread[included builds,5,main]) started.
:app:generateCodegenSchemaFromJavaScript (Thread[included builds,5,main]) started.

> Task :app:generateCodegenSchemaFromJavaScript SKIPPED
Skipping task ':app:generateCodegenSchemaFromJavaScript' as task onlyIf 'Task satisfies onlyIf spec' is false.
Resolve mutations for :app:generateCodegenArtifactsFromSchema (Thread[included builds,5,main]) started.
:app:generateCodegenArtifactsFromSchema (Thread[included builds,5,main]) started.

> Task :app:generateCodegenArtifactsFromSchema SKIPPED
Skipping task ':app:generateCodegenArtifactsFromSchema' as task onlyIf 'Task satisfies onlyIf spec' is false.
Resolve mutations for :app:generateReactNativeEntryPoint (Thread[included builds,5,main]) started.
:app:generateReactNativeEntryPoint (Thread[included builds,5,main]) started.

> Task :app:generateReactNativeEntryPoint
Caching disabled for task ':app:generateReactNativeEntryPoint' because:
  Build cache is disabled
  Caching has not been enabled for the task
Task ':app:generateReactNativeEntryPoint' is not up-to-date because:
  No history is available.
Resolve mutations for :notifee_react-native:preBuild (Thread[included builds,5,main]) started.
:notifee_react-native:preBuild (Thread[included builds,5,main]) started.

> Task :notifee_react-native:preBuild UP-TO-DATE
Skipping task ':notifee_react-native:preBuild' as it has no actions.
Resolve mutations for :react-native-async-storage_async-storage:generateCodegenSchemaFromJavaScript (Thread[included builds,5,main]) started.
:react-native-async-storage_async-storage:generateCodegenSchemaFromJavaScript (Thread[included builds,5,main]) started.

> Task :react-native-async-storage_async-storage:generateCodegenSchemaFromJavaScript
Caching disabled for task ':react-native-async-storage_async-storage:generateCodegenSchemaFromJavaScript' because:
  Build cache is disabled
  Caching has not been enabled for the task
Task ':react-native-async-storage_async-storage:generateCodegenSchemaFromJavaScript' is not up-to-date because:
  No history is available.
Starting process 'command 'node''. Working directory: /home/boniface/project/BiblePABMobile/node_modules/@react-native-async-storage/async-storage/android Command: node /home/boniface/project/BiblePABMobile/node_modules/@react-native/codegen/lib/cli/combine/combine-js-to-schema-cli.js --platform android --exclude NativeSampleTurboModule /home/boniface/project/BiblePABMobile/node_modules/@react-native-async-storage/async-storage/android/build/generated/source/codegen/schema.json /home/boniface/project/BiblePABMobile/node_modules/@react-native-async-storage/async-storage/src
Successfully started process 'command 'node''
Resolve mutations for :react-native-async-storage_async-storage:generateCodegenArtifactsFromSchema (Thread[included builds,5,main]) started.
:react-native-async-storage_async-storage:generateCodegenArtifactsFromSchema (Thread[included builds,5,main]) started.

> Task :react-native-async-storage_async-storage:generateCodegenArtifactsFromSchema
Caching disabled for task ':react-native-async-storage_async-storage:generateCodegenArtifactsFromSchema' because:
  Build cache is disabled
  Caching has not been enabled for the task
Task ':react-native-async-storage_async-storage:generateCodegenArtifactsFromSchema' is not up-to-date because:
  No history is available.
Starting process 'command 'node''. Working directory: /home/boniface/project/BiblePABMobile/node_modules/@react-native-async-storage/async-storage/android Command: node /home/boniface/project/BiblePABMobile/node_modules/react-native/scripts/generate-specs-cli.js --platform android --schemaPath /home/boniface/project/BiblePABMobile/node_modules/@react-native-async-storage/async-storage/android/build/generated/source/codegen/schema.json --outputDir /home/boniface/project/BiblePABMobile/node_modules/@react-native-async-storage/async-storage/android/build/generated/source/codegen --libraryName rnasyncstorage --javaPackageName com.reactnativecommunity.asyncstorage
Successfully started process 'command 'node''
Resolve mutations for :react-native-async-storage_async-storage:preBuild (Thread[included builds,5,main]) started.
:react-native-async-storage_async-storage:preBuild (Thread[included builds,5,main]) started.

> Task :react-native-async-storage_async-storage:preBuild
Skipping task ':react-native-async-storage_async-storage:preBuild' as it has no actions.
Resolve mutations for :react-native-community_datetimepicker:generateCodegenSchemaFromJavaScript (Thread[Execution worker Thread 3,5,main]) started.
:react-native-community_datetimepicker:generateCodegenSchemaFromJavaScript (Thread[Execution worker Thread 3,5,main]) started.

> Task :react-native-community_datetimepicker:generateCodegenSchemaFromJavaScript
Caching disabled for task ':react-native-community_datetimepicker:generateCodegenSchemaFromJavaScript' because:
  Build cache is disabled
  Caching has not been enabled for the task
Task ':react-native-community_datetimepicker:generateCodegenSchemaFromJavaScript' is not up-to-date because:
  No history is available.
Starting process 'command 'node''. Working directory: /home/boniface/project/BiblePABMobile/node_modules/@react-native-community/datetimepicker/android Command: node /home/boniface/project/BiblePABMobile/node_modules/@react-native/codegen/lib/cli/combine/combine-js-to-schema-cli.js --platform android --exclude NativeSampleTurboModule /home/boniface/project/BiblePABMobile/node_modules/@react-native-community/datetimepicker/android/build/generated/source/codegen/schema.json /home/boniface/project/BiblePABMobile/node_modules/@react-native-community/datetimepicker/src/specs
Successfully started process 'command 'node''
Resolve mutations for :react-native-community_datetimepicker:generateCodegenArtifactsFromSchema (Thread[Execution worker Thread 3,5,main]) started.
:react-native-community_datetimepicker:generateCodegenArtifactsFromSchema (Thread[Execution worker Thread 3,5,main]) started.

> Task :react-native-community_datetimepicker:generateCodegenArtifactsFromSchema
Caching disabled for task ':react-native-community_datetimepicker:generateCodegenArtifactsFromSchema' because:
  Build cache is disabled
  Caching has not been enabled for the task
Task ':react-native-community_datetimepicker:generateCodegenArtifactsFromSchema' is not up-to-date because:
  No history is available.
Starting process 'command 'node''. Working directory: /home/boniface/project/BiblePABMobile/node_modules/@react-native-community/datetimepicker/android Command: node /home/boniface/project/BiblePABMobile/node_modules/react-native/scripts/generate-specs-cli.js --platform android --schemaPath /home/boniface/project/BiblePABMobile/node_modules/@react-native-community/datetimepicker/android/build/generated/source/codegen/schema.json --outputDir /home/boniface/project/BiblePABMobile/node_modules/@react-native-community/datetimepicker/android/build/generated/source/codegen --libraryName RNDateTimePickerCGen --javaPackageName com.reactcommunity.rndatetimepicker
Successfully started process 'command 'node''
Resolve mutations for :react-native-community_datetimepicker:preBuild (Thread[Execution worker Thread 3,5,main]) started.
:react-native-community_datetimepicker:preBuild (Thread[Execution worker Thread 3,5,main]) started.

> Task :react-native-community_datetimepicker:preBuild
Skipping task ':react-native-community_datetimepicker:preBuild' as it has no actions.
Resolve mutations for :react-native-community_netinfo:preBuild (Thread[Execution worker Thread 3,5,main]) started.
:react-native-community_netinfo:preBuild (Thread[Execution worker Thread 3,5,main]) started.

> Task :react-native-community_netinfo:preBuild UP-TO-DATE
Skipping task ':react-native-community_netinfo:preBuild' as it has no actions.
Resolve mutations for :react-native-firebase_app:preBuild (Thread[Execution worker Thread 3,5,main]) started.
:react-native-firebase_app:preBuild (Thread[included builds,5,main]) started.

> Task :react-native-firebase_app:preBuild UP-TO-DATE
Skipping task ':react-native-firebase_app:preBuild' as it has no actions.
Resolve mutations for :react-native-firebase_messaging:preBuild (Thread[included builds,5,main]) started.
:react-native-firebase_messaging:preBuild (Thread[included builds,5,main]) started.

> Task :react-native-firebase_messaging:preBuild UP-TO-DATE
Skipping task ':react-native-firebase_messaging:preBuild' as it has no actions.
Resolve mutations for :react-native-gesture-handler:generateCodegenSchemaFromJavaScript (Thread[included builds,5,main]) started.
:react-native-gesture-handler:generateCodegenSchemaFromJavaScript (Thread[included builds,5,main]) started.

> Task :react-native-gesture-handler:generateCodegenSchemaFromJavaScript
Caching disabled for task ':react-native-gesture-handler:generateCodegenSchemaFromJavaScript' because:
  Build cache is disabled
  Caching has not been enabled for the task
Task ':react-native-gesture-handler:generateCodegenSchemaFromJavaScript' is not up-to-date because:
  No history is available.
Starting process 'command 'node''. Working directory: /home/boniface/project/BiblePABMobile/node_modules/react-native-gesture-handler/android Command: node /home/boniface/project/BiblePABMobile/node_modules/@react-native/codegen/lib/cli/combine/combine-js-to-schema-cli.js --platform android --exclude NativeSampleTurboModule /home/boniface/project/BiblePABMobile/node_modules/react-native-gesture-handler/android/build/generated/source/codegen/schema.json /home/boniface/project/BiblePABMobile/node_modules/react-native-gesture-handler/src/specs
Successfully started process 'command 'node''
Resolve mutations for :react-native-gesture-handler:generateCodegenArtifactsFromSchema (Thread[included builds,5,main]) started.
:react-native-gesture-handler:generateCodegenArtifactsFromSchema (Thread[included builds,5,main]) started.

> Task :react-native-gesture-handler:generateCodegenArtifactsFromSchema
Caching disabled for task ':react-native-gesture-handler:generateCodegenArtifactsFromSchema' because:
  Build cache is disabled
  Caching has not been enabled for the task
Task ':react-native-gesture-handler:generateCodegenArtifactsFromSchema' is not up-to-date because:
  No history is available.
Starting process 'command 'node''. Working directory: /home/boniface/project/BiblePABMobile/node_modules/react-native-gesture-handler/android Command: node /home/boniface/project/BiblePABMobile/node_modules/react-native/scripts/generate-specs-cli.js --platform android --schemaPath /home/boniface/project/BiblePABMobile/node_modules/react-native-gesture-handler/android/build/generated/source/codegen/schema.json --outputDir /home/boniface/project/BiblePABMobile/node_modules/react-native-gesture-handler/android/build/generated/source/codegen --libraryName rngesturehandler_codegen --javaPackageName com.swmansion.gesturehandler
Successfully started process 'command 'node''
Resolve mutations for :react-native-gesture-handler:preBuild (Thread[included builds,5,main]) started.
:react-native-gesture-handler:preBuild (Thread[included builds,5,main]) started.

> Task :react-native-gesture-handler:preBuild
Skipping task ':react-native-gesture-handler:preBuild' as it has no actions.
Resolve mutations for :react-native-linear-gradient:preBuild (Thread[included builds,5,main]) started.
:react-native-linear-gradient:preBuild (Thread[included builds,5,main]) started.

> Task :react-native-linear-gradient:preBuild UP-TO-DATE
Skipping task ':react-native-linear-gradient:preBuild' as it has no actions.
Resolve mutations for :react-native-masked-view_masked-view:preBuild (Thread[included builds,5,main]) started.
:react-native-masked-view_masked-view:preBuild (Thread[included builds,5,main]) started.

> Task :react-native-masked-view_masked-view:preBuild UP-TO-DATE
Skipping task ':react-native-masked-view_masked-view:preBuild' as it has no actions.
Resolve mutations for :react-native-permissions:generateCodegenSchemaFromJavaScript (Thread[included builds,5,main]) started.
:react-native-permissions:generateCodegenSchemaFromJavaScript (Thread[included builds,5,main]) started.

> Task :react-native-permissions:generateCodegenSchemaFromJavaScript
Caching disabled for task ':react-native-permissions:generateCodegenSchemaFromJavaScript' because:
  Build cache is disabled
  Caching has not been enabled for the task
Task ':react-native-permissions:generateCodegenSchemaFromJavaScript' is not up-to-date because:
  No history is available.
Starting process 'command 'node''. Working directory: /home/boniface/project/BiblePABMobile/node_modules/react-native-permissions/android Command: node /home/boniface/project/BiblePABMobile/node_modules/@react-native/codegen/lib/cli/combine/combine-js-to-schema-cli.js --platform android --exclude NativeSampleTurboModule /home/boniface/project/BiblePABMobile/node_modules/react-native-permissions/android/build/generated/source/codegen/schema.json /home/boniface/project/BiblePABMobile/node_modules/react-native-permissions/src/specs
Successfully started process 'command 'node''
Resolve mutations for :react-native-permissions:generateCodegenArtifactsFromSchema (Thread[Execution worker Thread 3,5,main]) started.
:react-native-permissions:generateCodegenArtifactsFromSchema (Thread[Execution worker Thread 3,5,main]) started.

> Task :react-native-permissions:generateCodegenArtifactsFromSchema
Caching disabled for task ':react-native-permissions:generateCodegenArtifactsFromSchema' because:
  Build cache is disabled
  Caching has not been enabled for the task
Task ':react-native-permissions:generateCodegenArtifactsFromSchema' is not up-to-date because:
  No history is available.
Starting process 'command 'node''. Working directory: /home/boniface/project/BiblePABMobile/node_modules/react-native-permissions/android Command: node /home/boniface/project/BiblePABMobile/node_modules/react-native/scripts/generate-specs-cli.js --platform android --schemaPath /home/boniface/project/BiblePABMobile/node_modules/react-native-permissions/android/build/generated/source/codegen/schema.json --outputDir /home/boniface/project/BiblePABMobile/node_modules/react-native-permissions/android/build/generated/source/codegen --libraryName RNPermissionsSpec --javaPackageName com.zoontek.rnpermissions
Successfully started process 'command 'node''
Resolve mutations for :react-native-permissions:preBuild (Thread[Execution worker Thread 3,5,main]) started.
:react-native-permissions:preBuild (Thread[Execution worker Thread 3,5,main]) started.

> Task :react-native-permissions:preBuild
Skipping task ':react-native-permissions:preBuild' as it has no actions.
Resolve mutations for :react-native-reanimated:assertMinimalReactNativeVersionTask (Thread[Execution worker Thread 3,5,main]) started.
:react-native-reanimated:assertMinimalReactNativeVersionTask (Thread[Execution worker Thread 3,5,main]) started.

> Task :react-native-reanimated:assertMinimalReactNativeVersionTask
Caching disabled for task ':react-native-reanimated:assertMinimalReactNativeVersionTask' because:
  Build cache is disabled
Task ':react-native-reanimated:assertMinimalReactNativeVersionTask' is not up-to-date because:
  Task has not declared any outputs despite executing actions.
Starting process 'command 'node''. Working directory: /home/boniface/project/BiblePABMobile/node_modules/react-native-reanimated/android Command: node ./../scripts/validate-react-native-version.js 0.83.1
Successfully started process 'command 'node''
Resolve mutations for :react-native-reanimated:assertNewArchitectureEnabledTask (Thread[Execution worker,5,main]) started.
:react-native-reanimated:assertNewArchitectureEnabledTask (Thread[Execution worker,5,main]) started.

> Task :react-native-reanimated:assertNewArchitectureEnabledTask SKIPPED
Skipping task ':react-native-reanimated:assertNewArchitectureEnabledTask' as task onlyIf 'Task satisfies onlyIf closure' is false.
Resolve mutations for :react-native-reanimated:assertWorkletsVersionTask (Thread[Execution worker,5,main]) started.
:react-native-reanimated:assertWorkletsVersionTask (Thread[Execution worker,5,main]) started.

> Task :react-native-reanimated:assertWorkletsVersionTask
Caching disabled for task ':react-native-reanimated:assertWorkletsVersionTask' because:
  Build cache is disabled
Task ':react-native-reanimated:assertWorkletsVersionTask' is not up-to-date because:
  Task has not declared any outputs despite executing actions.
Starting process 'command 'node''. Working directory: /home/boniface/project/BiblePABMobile/node_modules/react-native-reanimated/android Command: node ./../scripts/validate-worklets-build.js
Successfully started process 'command 'node''
Resolve mutations for :react-native-reanimated:generateCodegenSchemaFromJavaScript (Thread[Execution worker,5,main]) started.
:react-native-reanimated:generateCodegenSchemaFromJavaScript (Thread[Execution worker,5,main]) started.

> Task :react-native-reanimated:generateCodegenSchemaFromJavaScript
Caching disabled for task ':react-native-reanimated:generateCodegenSchemaFromJavaScript' because:
  Build cache is disabled
  Caching has not been enabled for the task
Task ':react-native-reanimated:generateCodegenSchemaFromJavaScript' is not up-to-date because:
  No history is available.
Starting process 'command 'node''. Working directory: /home/boniface/project/BiblePABMobile/node_modules/react-native-reanimated/android Command: node /home/boniface/project/BiblePABMobile/node_modules/@react-native/codegen/lib/cli/combine/combine-js-to-schema-cli.js --platform android --exclude NativeSampleTurboModule /home/boniface/project/BiblePABMobile/node_modules/react-native-reanimated/android/build/generated/source/codegen/schema.json /home/boniface/project/BiblePABMobile/node_modules/react-native-reanimated/src/specs
Successfully started process 'command 'node''
Resolve mutations for :react-native-reanimated:generateCodegenArtifactsFromSchema (Thread[Execution worker,5,main]) started.
:react-native-reanimated:generateCodegenArtifactsFromSchema (Thread[Execution worker,5,main]) started.

> Task :react-native-reanimated:generateCodegenArtifactsFromSchema
Caching disabled for task ':react-native-reanimated:generateCodegenArtifactsFromSchema' because:
  Build cache is disabled
  Caching has not been enabled for the task
Task ':react-native-reanimated:generateCodegenArtifactsFromSchema' is not up-to-date because:
  No history is available.
Starting process 'command 'node''. Working directory: /home/boniface/project/BiblePABMobile/node_modules/react-native-reanimated/android Command: node /home/boniface/project/BiblePABMobile/node_modules/react-native/scripts/generate-specs-cli.js --platform android --schemaPath /home/boniface/project/BiblePABMobile/node_modules/react-native-reanimated/android/build/generated/source/codegen/schema.json --outputDir /home/boniface/project/BiblePABMobile/node_modules/react-native-reanimated/android/build/generated/source/codegen --libraryName rnreanimated --javaPackageName com.swmansion.reanimated
Successfully started process 'command 'node''
Resolve mutations for :react-native-reanimated:prepareReanimatedHeadersForPrefabs (Thread[Execution worker,5,main]) started.
:react-native-reanimated:prepareReanimatedHeadersForPrefabs (Thread[Execution worker,5,main]) started.

> Task :react-native-reanimated:prepareReanimatedHeadersForPrefabs
Caching disabled for task ':react-native-reanimated:prepareReanimatedHeadersForPrefabs' because:
  Build cache is disabled
  Not worth caching
Task ':react-native-reanimated:prepareReanimatedHeadersForPrefabs' is not up-to-date because:
  No history is available.
Resolve mutations for :react-native-reanimated:preBuild (Thread[Execution worker,5,main]) started.
:react-native-reanimated:preBuild (Thread[Execution worker,5,main]) started.

> Task :react-native-reanimated:preBuild
Skipping task ':react-native-reanimated:preBuild' as it has no actions.
Resolve mutations for :react-native-safe-area-context:generateCodegenSchemaFromJavaScript (Thread[Execution worker,5,main]) started.
:react-native-safe-area-context:generateCodegenSchemaFromJavaScript (Thread[Execution worker,5,main]) started.

> Task :react-native-safe-area-context:generateCodegenSchemaFromJavaScript
Caching disabled for task ':react-native-safe-area-context:generateCodegenSchemaFromJavaScript' because:
  Build cache is disabled
  Caching has not been enabled for the task
Task ':react-native-safe-area-context:generateCodegenSchemaFromJavaScript' is not up-to-date because:
  No history is available.
Starting process 'command 'node''. Working directory: /home/boniface/project/BiblePABMobile/node_modules/react-native-safe-area-context/android Command: node /home/boniface/project/BiblePABMobile/node_modules/@react-native/codegen/lib/cli/combine/combine-js-to-schema-cli.js --platform android --exclude NativeSampleTurboModule /home/boniface/project/BiblePABMobile/node_modules/react-native-safe-area-context/android/build/generated/source/codegen/schema.json /home/boniface/project/BiblePABMobile/node_modules/react-native-safe-area-context/src/specs
Successfully started process 'command 'node''
Resolve mutations for :react-native-safe-area-context:generateCodegenArtifactsFromSchema (Thread[Execution worker,5,main]) started.
:react-native-safe-area-context:generateCodegenArtifactsFromSchema (Thread[Execution worker,5,main]) started.

> Task :react-native-safe-area-context:generateCodegenArtifactsFromSchema
Caching disabled for task ':react-native-safe-area-context:generateCodegenArtifactsFromSchema' because:
  Build cache is disabled
  Caching has not been enabled for the task
Task ':react-native-safe-area-context:generateCodegenArtifactsFromSchema' is not up-to-date because:
  No history is available.
Starting process 'command 'node''. Working directory: /home/boniface/project/BiblePABMobile/node_modules/react-native-safe-area-context/android Command: node /home/boniface/project/BiblePABMobile/node_modules/react-native/scripts/generate-specs-cli.js --platform android --schemaPath /home/boniface/project/BiblePABMobile/node_modules/react-native-safe-area-context/android/build/generated/source/codegen/schema.json --outputDir /home/boniface/project/BiblePABMobile/node_modules/react-native-safe-area-context/android/build/generated/source/codegen --libraryName safeareacontext --javaPackageName com.th3rdwave.safeareacontext
Successfully started process 'command 'node''
Resolve mutations for :react-native-safe-area-context:preBuild (Thread[Execution worker,5,main]) started.
:react-native-safe-area-context:preBuild (Thread[Execution worker,5,main]) started.

> Task :react-native-safe-area-context:preBuild
Skipping task ':react-native-safe-area-context:preBuild' as it has no actions.
Resolve mutations for :react-native-screens:generateCodegenSchemaFromJavaScript (Thread[Execution worker,5,main]) started.
:react-native-screens:generateCodegenSchemaFromJavaScript (Thread[Execution worker,5,main]) started.

> Task :react-native-screens:generateCodegenSchemaFromJavaScript
Caching disabled for task ':react-native-screens:generateCodegenSchemaFromJavaScript' because:
  Build cache is disabled
  Caching has not been enabled for the task
Task ':react-native-screens:generateCodegenSchemaFromJavaScript' is not up-to-date because:
  No history is available.
Starting process 'command 'node''. Working directory: /home/boniface/project/BiblePABMobile/node_modules/react-native-screens/android Command: node /home/boniface/project/BiblePABMobile/node_modules/@react-native/codegen/lib/cli/combine/combine-js-to-schema-cli.js --platform android --exclude NativeSampleTurboModule /home/boniface/project/BiblePABMobile/node_modules/react-native-screens/android/build/generated/source/codegen/schema.json /home/boniface/project/BiblePABMobile/node_modules/react-native-screens/src/fabric
Successfully started process 'command 'node''
Resolve mutations for :react-native-screens:generateCodegenArtifactsFromSchema (Thread[Execution worker,5,main]) started.
:react-native-screens:generateCodegenArtifactsFromSchema (Thread[included builds,5,main]) started.

> Task :react-native-screens:generateCodegenArtifactsFromSchema
Caching disabled for task ':react-native-screens:generateCodegenArtifactsFromSchema' because:
  Build cache is disabled
  Caching has not been enabled for the task
Task ':react-native-screens:generateCodegenArtifactsFromSchema' is not up-to-date because:
  No history is available.
Starting process 'command 'node''. Working directory: /home/boniface/project/BiblePABMobile/node_modules/react-native-screens/android Command: node /home/boniface/project/BiblePABMobile/node_modules/react-native/scripts/generate-specs-cli.js --platform android --schemaPath /home/boniface/project/BiblePABMobile/node_modules/react-native-screens/android/build/generated/source/codegen/schema.json --outputDir /home/boniface/project/BiblePABMobile/node_modules/react-native-screens/android/build/generated/source/codegen --libraryName rnscreens --javaPackageName com.swmansion.rnscreens
Successfully started process 'command 'node''
Resolve mutations for :react-native-screens:preBuild (Thread[included builds,5,main]) started.
:react-native-screens:preBuild (Thread[included builds,5,main]) started.

> Task :react-native-screens:preBuild
Skipping task ':react-native-screens:preBuild' as it has no actions.
Resolve mutations for :react-native-svg:generateCodegenSchemaFromJavaScript (Thread[included builds,5,main]) started.
:react-native-svg:generateCodegenSchemaFromJavaScript (Thread[included builds,5,main]) started.

> Task :react-native-svg:generateCodegenSchemaFromJavaScript
Caching disabled for task ':react-native-svg:generateCodegenSchemaFromJavaScript' because:
  Build cache is disabled
  Caching has not been enabled for the task
Task ':react-native-svg:generateCodegenSchemaFromJavaScript' is not up-to-date because:
  No history is available.
Starting process 'command 'node''. Working directory: /home/boniface/project/BiblePABMobile/node_modules/react-native-svg/android Command: node /home/boniface/project/BiblePABMobile/node_modules/@react-native/codegen/lib/cli/combine/combine-js-to-schema-cli.js --platform android --exclude NativeSampleTurboModule /home/boniface/project/BiblePABMobile/node_modules/react-native-svg/android/build/generated/source/codegen/schema.json /home/boniface/project/BiblePABMobile/node_modules/react-native-svg/src/fabric
Successfully started process 'command 'node''
Resolve mutations for :react-native-svg:generateCodegenArtifactsFromSchema (Thread[included builds,5,main]) started.
:react-native-svg:generateCodegenArtifactsFromSchema (Thread[included builds,5,main]) started.

> Task :react-native-svg:generateCodegenArtifactsFromSchema
Caching disabled for task ':react-native-svg:generateCodegenArtifactsFromSchema' because:
  Build cache is disabled
  Caching has not been enabled for the task
Task ':react-native-svg:generateCodegenArtifactsFromSchema' is not up-to-date because:
  No history is available.
Starting process 'command 'node''. Working directory: /home/boniface/project/BiblePABMobile/node_modules/react-native-svg/android Command: node /home/boniface/project/BiblePABMobile/node_modules/react-native/scripts/generate-specs-cli.js --platform android --schemaPath /home/boniface/project/BiblePABMobile/node_modules/react-native-svg/android/build/generated/source/codegen/schema.json --outputDir /home/boniface/project/BiblePABMobile/node_modules/react-native-svg/android/build/generated/source/codegen --libraryName rnsvg --javaPackageName com.horcrux.svg
Successfully started process 'command 'node''
Resolve mutations for :react-native-svg:preBuild (Thread[included builds,5,main]) started.
:react-native-svg:preBuild (Thread[included builds,5,main]) started.

> Task :react-native-svg:preBuild
Skipping task ':react-native-svg:preBuild' as it has no actions.
Resolve mutations for :react-native-tts:preBuild (Thread[included builds,5,main]) started.
:react-native-tts:preBuild (Thread[included builds,5,main]) started.

> Task :react-native-tts:preBuild UP-TO-DATE
Skipping task ':react-native-tts:preBuild' as it has no actions.
Resolve mutations for :react-native-worklets:assertMinimalReactNativeVersionTask (Thread[included builds,5,main]) started.
:react-native-worklets:assertMinimalReactNativeVersionTask (Thread[included builds,5,main]) started.

> Task :react-native-worklets:assertMinimalReactNativeVersionTask
Caching disabled for task ':react-native-worklets:assertMinimalReactNativeVersionTask' because:
  Build cache is disabled
Task ':react-native-worklets:assertMinimalReactNativeVersionTask' is not up-to-date because:
  Task has not declared any outputs despite executing actions.
Starting process 'command 'node''. Working directory: /home/boniface/project/BiblePABMobile/node_modules/react-native-worklets/android Command: node ./../scripts/validate-react-native-version.js 0.83.1
Successfully started process 'command 'node''
Resolve mutations for :react-native-worklets:assertNewArchitectureEnabledTask (Thread[included builds,5,main]) started.
:react-native-worklets:assertNewArchitectureEnabledTask (Thread[included builds,5,main]) started.

> Task :react-native-worklets:assertNewArchitectureEnabledTask SKIPPED
Skipping task ':react-native-worklets:assertNewArchitectureEnabledTask' as task onlyIf 'Task satisfies onlyIf closure' is false.
Resolve mutations for :react-native-worklets:generateCodegenSchemaFromJavaScript (Thread[included builds,5,main]) started.
:react-native-worklets:generateCodegenSchemaFromJavaScript (Thread[included builds,5,main]) started.

> Task :react-native-worklets:generateCodegenSchemaFromJavaScript
Caching disabled for task ':react-native-worklets:generateCodegenSchemaFromJavaScript' because:
  Build cache is disabled
  Caching has not been enabled for the task
Task ':react-native-worklets:generateCodegenSchemaFromJavaScript' is not up-to-date because:
  No history is available.
Starting process 'command 'node''. Working directory: /home/boniface/project/BiblePABMobile/node_modules/react-native-worklets/android Command: node /home/boniface/project/BiblePABMobile/node_modules/@react-native/codegen/lib/cli/combine/combine-js-to-schema-cli.js --platform android --exclude NativeSampleTurboModule /home/boniface/project/BiblePABMobile/node_modules/react-native-worklets/android/build/generated/source/codegen/schema.json /home/boniface/project/BiblePABMobile/node_modules/react-native-worklets/src/specs
Successfully started process 'command 'node''
Resolve mutations for :react-native-worklets:generateCodegenArtifactsFromSchema (Thread[included builds,5,main]) started.
:react-native-worklets:generateCodegenArtifactsFromSchema (Thread[included builds,5,main]) started.

> Task :react-native-worklets:generateCodegenArtifactsFromSchema
Caching disabled for task ':react-native-worklets:generateCodegenArtifactsFromSchema' because:
  Build cache is disabled
  Caching has not been enabled for the task
Task ':react-native-worklets:generateCodegenArtifactsFromSchema' is not up-to-date because:
  No history is available.
Starting process 'command 'node''. Working directory: /home/boniface/project/BiblePABMobile/node_modules/react-native-worklets/android Command: node /home/boniface/project/BiblePABMobile/node_modules/react-native/scripts/generate-specs-cli.js --platform android --schemaPath /home/boniface/project/BiblePABMobile/node_modules/react-native-worklets/android/build/generated/source/codegen/schema.json --outputDir /home/boniface/project/BiblePABMobile/node_modules/react-native-worklets/android/build/generated/source/codegen --libraryName rnworklets --javaPackageName com.swmansion.worklets
Successfully started process 'command 'node''
Resolve mutations for :react-native-worklets:prepareWorkletsHeadersForPrefabs (Thread[included builds,5,main]) started.
:react-native-worklets:prepareWorkletsHeadersForPrefabs (Thread[included builds,5,main]) started.

> Task :react-native-worklets:prepareWorkletsHeadersForPrefabs
Caching disabled for task ':react-native-worklets:prepareWorkletsHeadersForPrefabs' because:
  Build cache is disabled
  Not worth caching
Task ':react-native-worklets:prepareWorkletsHeadersForPrefabs' is not up-to-date because:
  No history is available.
Resolve mutations for :react-native-worklets:preBuild (Thread[included builds,5,main]) started.
:react-native-worklets:preBuild (Thread[included builds,5,main]) started.

> Task :react-native-worklets:preBuild
Skipping task ':react-native-worklets:preBuild' as it has no actions.
Resolve mutations for :app:preBuild (Thread[included builds,5,main]) started.
:app:preBuild (Thread[included builds,5,main]) started.

> Task :app:preBuild
Skipping task ':app:preBuild' as it has no actions.
Resolve mutations for :app:preDebugBuild (Thread[included builds,5,main]) started.
:app:preDebugBuild (Thread[included builds,5,main]) started.

> Task :app:preDebugBuild
Skipping task ':app:preDebugBuild' as it has no actions.
Resolve mutations for :app:mergeDebugNativeDebugMetadata (Thread[included builds,5,main]) started.
:app:mergeDebugNativeDebugMetadata (Thread[included builds,5,main]) started.

> Task :app:mergeDebugNativeDebugMetadata NO-SOURCE
Skipping task ':app:mergeDebugNativeDebugMetadata' as it has no source files and no previous output files.
Resolve mutations for :app:checkKotlinGradlePluginConfigurationErrors (Thread[included builds,5,main]) started.
:app:checkKotlinGradlePluginConfigurationErrors (Thread[included builds,5,main]) started.

> Task :app:checkKotlinGradlePluginConfigurationErrors SKIPPED
Skipping task ':app:checkKotlinGradlePluginConfigurationErrors' as task onlyIf 'errorDiagnostics are present' is false.
Resolve mutations for :app:generateDebugBuildConfig (Thread[included builds,5,main]) started.
:app:generateDebugBuildConfig (Thread[included builds,5,main]) started.

> Task :app:generateDebugBuildConfig
Caching disabled for task ':app:generateDebugBuildConfig' because:
  Build cache is disabled
Task ':app:generateDebugBuildConfig' is not up-to-date because:
  No history is available.
Resolve mutations for :notifee_react-native:preDebugBuild (Thread[included builds,5,main]) started.
:notifee_react-native:preDebugBuild (Thread[included builds,5,main]) started.

> Task :notifee_react-native:preDebugBuild UP-TO-DATE
Skipping task ':notifee_react-native:preDebugBuild' as it has no actions.
Resolve mutations for :notifee_react-native:writeDebugAarMetadata (Thread[included builds,5,main]) started.
:notifee_react-native:writeDebugAarMetadata (Thread[included builds,5,main]) started.

> Task :notifee_react-native:writeDebugAarMetadata
Caching disabled for task ':notifee_react-native:writeDebugAarMetadata' because:
  Build cache is disabled
  Caching has been disabled for the task
Task ':notifee_react-native:writeDebugAarMetadata' is not up-to-date because:
  No history is available.
work action resolve aar-metadata.properties (project :notifee_react-native) (Thread[included builds,5,main]) started.
Resolve mutations for :react-native-async-storage_async-storage:preDebugBuild (Thread[included builds,5,main]) started.
:react-native-async-storage_async-storage:preDebugBuild (Thread[included builds,5,main]) started.

> Task :react-native-async-storage_async-storage:preDebugBuild
Skipping task ':react-native-async-storage_async-storage:preDebugBuild' as it has no actions.
Resolve mutations for :react-native-async-storage_async-storage:writeDebugAarMetadata (Thread[included builds,5,main]) started.
:react-native-async-storage_async-storage:writeDebugAarMetadata (Thread[included builds,5,main]) started.

> Task :react-native-async-storage_async-storage:writeDebugAarMetadata
Caching disabled for task ':react-native-async-storage_async-storage:writeDebugAarMetadata' because:
  Build cache is disabled
  Caching has been disabled for the task
Task ':react-native-async-storage_async-storage:writeDebugAarMetadata' is not up-to-date because:
  No history is available.
work action resolve aar-metadata.properties (project :react-native-async-storage_async-storage) (Thread[included builds,5,main]) started.
Resolve mutations for :react-native-community_datetimepicker:preDebugBuild (Thread[included builds,5,main]) started.
:react-native-community_datetimepicker:preDebugBuild (Thread[included builds,5,main]) started.

> Task :react-native-community_datetimepicker:preDebugBuild
Skipping task ':react-native-community_datetimepicker:preDebugBuild' as it has no actions.
Resolve mutations for :react-native-community_datetimepicker:writeDebugAarMetadata (Thread[included builds,5,main]) started.
:react-native-community_datetimepicker:writeDebugAarMetadata (Thread[included builds,5,main]) started.

> Task :react-native-community_datetimepicker:writeDebugAarMetadata
Caching disabled for task ':react-native-community_datetimepicker:writeDebugAarMetadata' because:
  Build cache is disabled
  Caching has been disabled for the task
Task ':react-native-community_datetimepicker:writeDebugAarMetadata' is not up-to-date because:
  No history is available.
work action resolve aar-metadata.properties (project :react-native-community_datetimepicker) (Thread[included builds,5,main]) started.
Resolve mutations for :react-native-community_netinfo:preDebugBuild (Thread[included builds,5,main]) started.
:react-native-community_netinfo:preDebugBuild (Thread[included builds,5,main]) started.

> Task :react-native-community_netinfo:preDebugBuild UP-TO-DATE
Skipping task ':react-native-community_netinfo:preDebugBuild' as it has no actions.
Resolve mutations for :react-native-community_netinfo:writeDebugAarMetadata (Thread[included builds,5,main]) started.
:react-native-community_netinfo:writeDebugAarMetadata (Thread[included builds,5,main]) started.
Resolve mutations for :react-native-firebase_app:preDebugBuild (Thread[Execution worker Thread 3,5,main]) started.
:react-native-firebase_app:preDebugBuild (Thread[Execution worker Thread 3,5,main]) started.

> Task :react-native-firebase_app:preDebugBuild UP-TO-DATE
Skipping task ':react-native-firebase_app:preDebugBuild' as it has no actions.
Resolve mutations for :react-native-firebase_app:writeDebugAarMetadata (Thread[Execution worker Thread 3,5,main]) started.
:react-native-firebase_app:writeDebugAarMetadata (Thread[Execution worker Thread 3,5,main]) started.

> Task :react-native-community_netinfo:writeDebugAarMetadata
Caching disabled for task ':react-native-community_netinfo:writeDebugAarMetadata' because:
  Build cache is disabled
  Caching has been disabled for the task
Task ':react-native-community_netinfo:writeDebugAarMetadata' is not up-to-date because:
  No history is available.
work action resolve aar-metadata.properties (project :react-native-community_netinfo) (Thread[included builds,5,main]) started.
Resolve mutations for :react-native-firebase_messaging:preDebugBuild (Thread[included builds,5,main]) started.
:react-native-firebase_messaging:preDebugBuild (Thread[included builds,5,main]) started.

> Task :react-native-firebase_messaging:preDebugBuild UP-TO-DATE
Skipping task ':react-native-firebase_messaging:preDebugBuild' as it has no actions.
Resolve mutations for :react-native-firebase_messaging:writeDebugAarMetadata (Thread[included builds,5,main]) started.
:react-native-firebase_messaging:writeDebugAarMetadata (Thread[included builds,5,main]) started.

> Task :react-native-firebase_app:writeDebugAarMetadata
Caching disabled for task ':react-native-firebase_app:writeDebugAarMetadata' because:
  Build cache is disabled
  Caching has been disabled for the task
Task ':react-native-firebase_app:writeDebugAarMetadata' is not up-to-date because:
  No history is available.

> Task :react-native-firebase_messaging:writeDebugAarMetadata
Caching disabled for task ':react-native-firebase_messaging:writeDebugAarMetadata' because:
  Build cache is disabled
  Caching has been disabled for the task
Task ':react-native-firebase_messaging:writeDebugAarMetadata' is not up-to-date because:
  No history is available.
work action resolve aar-metadata.properties (project :react-native-firebase_app) (Thread[Execution worker Thread 2,5,main]) started.
work action resolve aar-metadata.properties (project :react-native-firebase_messaging) (Thread[Execution worker Thread 2,5,main]) started.
Resolve mutations for :react-native-gesture-handler:preDebugBuild (Thread[Execution worker Thread 2,5,main]) started.
:react-native-gesture-handler:preDebugBuild (Thread[Execution worker Thread 2,5,main]) started.

> Task :react-native-gesture-handler:preDebugBuild
Skipping task ':react-native-gesture-handler:preDebugBuild' as it has no actions.
Resolve mutations for :react-native-gesture-handler:writeDebugAarMetadata (Thread[Execution worker Thread 2,5,main]) started.
:react-native-gesture-handler:writeDebugAarMetadata (Thread[Execution worker Thread 2,5,main]) started.
Resolve mutations for :react-native-linear-gradient:preDebugBuild (Thread[included builds,5,main]) started.
:react-native-linear-gradient:preDebugBuild (Thread[Execution worker Thread 3,5,main]) started.

> Task :react-native-linear-gradient:preDebugBuild UP-TO-DATE
Skipping task ':react-native-linear-gradient:preDebugBuild' as it has no actions.
Resolve mutations for :react-native-linear-gradient:writeDebugAarMetadata (Thread[Execution worker Thread 3,5,main]) started.
:react-native-linear-gradient:writeDebugAarMetadata (Thread[Execution worker Thread 3,5,main]) started.

> Task :react-native-gesture-handler:writeDebugAarMetadata
Caching disabled for task ':react-native-gesture-handler:writeDebugAarMetadata' because:
  Build cache is disabled
  Caching has been disabled for the task
Task ':react-native-gesture-handler:writeDebugAarMetadata' is not up-to-date because:
  No history is available.
work action resolve aar-metadata.properties (project :react-native-gesture-handler) (Thread[Execution worker Thread 2,5,main]) started.
Resolve mutations for :react-native-masked-view_masked-view:preDebugBuild (Thread[Execution worker Thread 2,5,main]) started.
:react-native-masked-view_masked-view:preDebugBuild (Thread[Execution worker Thread 2,5,main]) started.

> Task :react-native-masked-view_masked-view:preDebugBuild UP-TO-DATE
Skipping task ':react-native-masked-view_masked-view:preDebugBuild' as it has no actions.
Resolve mutations for :react-native-masked-view_masked-view:writeDebugAarMetadata (Thread[Execution worker Thread 2,5,main]) started.
:react-native-masked-view_masked-view:writeDebugAarMetadata (Thread[Execution worker Thread 2,5,main]) started.

> Task :react-native-linear-gradient:writeDebugAarMetadata
Caching disabled for task ':react-native-linear-gradient:writeDebugAarMetadata' because:
  Build cache is disabled
  Caching has been disabled for the task
Task ':react-native-linear-gradient:writeDebugAarMetadata' is not up-to-date because:
  No history is available.
work action resolve aar-metadata.properties (project :react-native-linear-gradient) (Thread[Execution worker Thread 3,5,main]) started.
Resolve mutations for :react-native-permissions:preDebugBuild (Thread[Execution worker,5,main]) started.
:react-native-permissions:preDebugBuild (Thread[Execution worker,5,main]) started.

> Task :react-native-permissions:preDebugBuild
Skipping task ':react-native-permissions:preDebugBuild' as it has no actions.
Resolve mutations for :react-native-permissions:writeDebugAarMetadata (Thread[Execution worker,5,main]) started.
:react-native-permissions:writeDebugAarMetadata (Thread[Execution worker,5,main]) started.

> Task :react-native-masked-view_masked-view:writeDebugAarMetadata
Caching disabled for task ':react-native-masked-view_masked-view:writeDebugAarMetadata' because:
  Build cache is disabled
  Caching has been disabled for the task
Task ':react-native-masked-view_masked-view:writeDebugAarMetadata' is not up-to-date because:
  No history is available.
work action resolve aar-metadata.properties (project :react-native-masked-view_masked-view) (Thread[included builds,5,main]) started.
Resolve mutations for :react-native-reanimated:preDebugBuild (Thread[included builds,5,main]) started.
:react-native-reanimated:preDebugBuild (Thread[included builds,5,main]) started.

> Task :react-native-reanimated:preDebugBuild
Skipping task ':react-native-reanimated:preDebugBuild' as it has no actions.
Resolve mutations for :react-native-reanimated:writeDebugAarMetadata (Thread[included builds,5,main]) started.
:react-native-reanimated:writeDebugAarMetadata (Thread[included builds,5,main]) started.

> Task :react-native-permissions:writeDebugAarMetadata
Caching disabled for task ':react-native-permissions:writeDebugAarMetadata' because:
  Build cache is disabled
  Caching has been disabled for the task
Task ':react-native-permissions:writeDebugAarMetadata' is not up-to-date because:
  No history is available.
work action resolve aar-metadata.properties (project :react-native-permissions) (Thread[Execution worker,5,main]) started.
Resolve mutations for :react-native-safe-area-context:preDebugBuild (Thread[Execution worker,5,main]) started.
:react-native-safe-area-context:preDebugBuild (Thread[Execution worker,5,main]) started.

> Task :react-native-safe-area-context:preDebugBuild
Skipping task ':react-native-safe-area-context:preDebugBuild' as it has no actions.
Resolve mutations for :react-native-safe-area-context:writeDebugAarMetadata (Thread[Execution worker,5,main]) started.
:react-native-safe-area-context:writeDebugAarMetadata (Thread[Execution worker,5,main]) started.

> Task :react-native-reanimated:writeDebugAarMetadata
Caching disabled for task ':react-native-reanimated:writeDebugAarMetadata' because:
  Build cache is disabled
  Caching has been disabled for the task
Task ':react-native-reanimated:writeDebugAarMetadata' is not up-to-date because:
  No history is available.
work action resolve aar-metadata.properties (project :react-native-reanimated) (Thread[Execution worker Thread 3,5,main]) started.
Resolve mutations for :react-native-screens:preDebugBuild (Thread[Execution worker Thread 3,5,main]) started.
:react-native-screens:preDebugBuild (Thread[Execution worker Thread 3,5,main]) started.

> Task :react-native-screens:preDebugBuild
Skipping task ':react-native-screens:preDebugBuild' as it has no actions.
Resolve mutations for :react-native-screens:writeDebugAarMetadata (Thread[Execution worker Thread 3,5,main]) started.
:react-native-screens:writeDebugAarMetadata (Thread[Execution worker Thread 3,5,main]) started.

> Task :react-native-safe-area-context:writeDebugAarMetadata
Caching disabled for task ':react-native-safe-area-context:writeDebugAarMetadata' because:
  Build cache is disabled
  Caching has been disabled for the task
Task ':react-native-safe-area-context:writeDebugAarMetadata' is not up-to-date because:
  No history is available.
work action resolve aar-metadata.properties (project :react-native-safe-area-context) (Thread[Execution worker,5,main]) started.
Resolve mutations for :react-native-svg:preDebugBuild (Thread[Execution worker,5,main]) started.
:react-native-svg:preDebugBuild (Thread[Execution worker,5,main]) started.

> Task :react-native-svg:preDebugBuild
Skipping task ':react-native-svg:preDebugBuild' as it has no actions.
Resolve mutations for :react-native-svg:writeDebugAarMetadata (Thread[included builds,5,main]) started.
:react-native-svg:writeDebugAarMetadata (Thread[included builds,5,main]) started.

> Task :react-native-screens:writeDebugAarMetadata
Caching disabled for task ':react-native-screens:writeDebugAarMetadata' because:
  Build cache is disabled
  Caching has been disabled for the task
Task ':react-native-screens:writeDebugAarMetadata' is not up-to-date because:
  No history is available.
work action resolve aar-metadata.properties (project :react-native-screens) (Thread[Execution worker,5,main]) started.
Resolve mutations for :react-native-tts:preDebugBuild (Thread[Execution worker,5,main]) started.
:react-native-tts:preDebugBuild (Thread[Execution worker,5,main]) started.

> Task :react-native-tts:preDebugBuild UP-TO-DATE
Skipping task ':react-native-tts:preDebugBuild' as it has no actions.

> Task :react-native-svg:writeDebugAarMetadata
Caching disabled for task ':react-native-svg:writeDebugAarMetadata' because:
  Build cache is disabled
  Caching has been disabled for the task
Task ':react-native-svg:writeDebugAarMetadata' is not up-to-date because:
  No history is available.
Resolve mutations for :react-native-tts:writeDebugAarMetadata (Thread[Execution worker,5,main]) started.
:react-native-tts:writeDebugAarMetadata (Thread[Execution worker,5,main]) started.
work action resolve aar-metadata.properties (project :react-native-svg) (Thread[included builds,5,main]) started.
Resolve mutations for :react-native-worklets:preDebugBuild (Thread[included builds,5,main]) started.
:react-native-worklets:preDebugBuild (Thread[included builds,5,main]) started.

> Task :react-native-worklets:preDebugBuild
Skipping task ':react-native-worklets:preDebugBuild' as it has no actions.
Resolve mutations for :react-native-worklets:writeDebugAarMetadata (Thread[included builds,5,main]) started.
:react-native-worklets:writeDebugAarMetadata (Thread[included builds,5,main]) started.

> Task :react-native-tts:writeDebugAarMetadata
Caching disabled for task ':react-native-tts:writeDebugAarMetadata' because:
  Build cache is disabled
  Caching has been disabled for the task
Task ':react-native-tts:writeDebugAarMetadata' is not up-to-date because:
  No history is available.
work action resolve aar-metadata.properties (project :react-native-tts) (Thread[Execution worker,5,main]) started.
Resolve mutations for :app:generateDebugResValues (Thread[Execution worker Thread 3,5,main]) started.
:app:generateDebugResValues (Thread[Execution worker Thread 3,5,main]) started.

> Task :react-native-worklets:writeDebugAarMetadata
Caching disabled for task ':react-native-worklets:writeDebugAarMetadata' because:
  Build cache is disabled
  Caching has been disabled for the task
Task ':react-native-worklets:writeDebugAarMetadata' is not up-to-date because:
  No history is available.

> Task :app:generateDebugResValues
Caching disabled for task ':app:generateDebugResValues' because:
  Build cache is disabled
Task ':app:generateDebugResValues' is not up-to-date because:
  No history is available.
work action resolve aar-metadata.properties (project :react-native-worklets) (Thread[included builds,5,main]) started.
Resolve mutations for :app:checkDebugAarMetadata (Thread[included builds,5,main]) started.
:app:checkDebugAarMetadata (Thread[included builds,5,main]) started.
Resolve mutations for :app:processDebugGoogleServices (Thread[Execution worker Thread 2,5,main]) started.
:app:processDebugGoogleServices (Thread[Execution worker Thread 2,5,main]) started.

> Task :app:processDebugGoogleServices
Caching disabled for task ':app:processDebugGoogleServices' because:
  Build cache is disabled
Task ':app:processDebugGoogleServices' is not up-to-date because:
  No history is available.
Parsing json file: /home/boniface/project/BiblePABMobile/android/app/google-services.json
Resolve mutations for :notifee_react-native:generateDebugResValues (Thread[Execution worker Thread 2,5,main]) started.
:notifee_react-native:generateDebugResValues (Thread[Execution worker Thread 2,5,main]) started.

> Task :notifee_react-native:generateDebugResValues
Caching disabled for task ':notifee_react-native:generateDebugResValues' because:
  Build cache is disabled
Task ':notifee_react-native:generateDebugResValues' is not up-to-date because:
  No history is available.
Resolve mutations for :notifee_react-native:generateDebugResources (Thread[Execution worker,5,main]) started.
:notifee_react-native:generateDebugResources (Thread[Execution worker,5,main]) started.

> Task :notifee_react-native:generateDebugResources
Caching disabled for task ':notifee_react-native:generateDebugResources' because:
  Build cache is disabled
Task ':notifee_react-native:generateDebugResources' is not up-to-date because:
  No history is available.
Resolve mutations for :notifee_react-native:packageDebugResources (Thread[Execution worker,5,main]) started.
:notifee_react-native:packageDebugResources (Thread[Execution worker,5,main]) started.

> Task :notifee_react-native:packageDebugResources
Caching disabled for task ':notifee_react-native:packageDebugResources' because:
  Build cache is disabled
Task ':notifee_react-native:packageDebugResources' is not up-to-date because:
  No history is available.
The input changes require a full rebuild for incremental task ':notifee_react-native:packageDebugResources'.
[MergeResources] Inputs are non-incremental full task action.
work action resolve packageDebugResources (project :notifee_react-native) (Thread[Execution worker,5,main]) started.
Resolve mutations for :react-native-async-storage_async-storage:generateDebugResValues (Thread[Execution worker Thread 3,5,main]) started.
:react-native-async-storage_async-storage:generateDebugResValues (Thread[Execution worker Thread 3,5,main]) started.

> Task :react-native-async-storage_async-storage:generateDebugResValues
Caching disabled for task ':react-native-async-storage_async-storage:generateDebugResValues' because:
  Build cache is disabled
Task ':react-native-async-storage_async-storage:generateDebugResValues' is not up-to-date because:
  No history is available.
Resolve mutations for :react-native-async-storage_async-storage:generateDebugResources (Thread[Execution worker,5,main]) started.
:react-native-async-storage_async-storage:generateDebugResources (Thread[Execution worker,5,main]) started.

> Task :react-native-async-storage_async-storage:generateDebugResources
Caching disabled for task ':react-native-async-storage_async-storage:generateDebugResources' because:
  Build cache is disabled
Task ':react-native-async-storage_async-storage:generateDebugResources' is not up-to-date because:
  No history is available.
Resolve mutations for :react-native-async-storage_async-storage:packageDebugResources (Thread[Execution worker,5,main]) started.
:react-native-async-storage_async-storage:packageDebugResources (Thread[Execution worker,5,main]) started.

> Task :app:checkDebugAarMetadata
Caching disabled for task ':app:checkDebugAarMetadata' because:
  Build cache is disabled
  Caching has been disabled for the task
Task ':app:checkDebugAarMetadata' is not up-to-date because:
  No history is available.

> Task :react-native-async-storage_async-storage:packageDebugResources
Caching disabled for task ':react-native-async-storage_async-storage:packageDebugResources' because:
  Build cache is disabled
Task ':react-native-async-storage_async-storage:packageDebugResources' is not up-to-date because:
  No history is available.
The input changes require a full rebuild for incremental task ':react-native-async-storage_async-storage:packageDebugResources'.
[MergeResources] Inputs are non-incremental full task action.
work action resolve packageDebugResources (project :react-native-async-storage_async-storage) (Thread[Execution worker,5,main]) started.
Resolve mutations for :react-native-community_datetimepicker:generateDebugResValues (Thread[Execution worker,5,main]) started.
:react-native-community_datetimepicker:generateDebugResValues (Thread[Execution worker,5,main]) started.

> Task :react-native-community_datetimepicker:generateDebugResValues
Caching disabled for task ':react-native-community_datetimepicker:generateDebugResValues' because:
  Build cache is disabled
Task ':react-native-community_datetimepicker:generateDebugResValues' is not up-to-date because:
  No history is available.
Resolve mutations for :react-native-community_datetimepicker:generateDebugResources (Thread[included builds,5,main]) started.
:react-native-community_datetimepicker:generateDebugResources (Thread[included builds,5,main]) started.

> Task :react-native-community_datetimepicker:generateDebugResources
Caching disabled for task ':react-native-community_datetimepicker:generateDebugResources' because:
  Build cache is disabled
Task ':react-native-community_datetimepicker:generateDebugResources' is not up-to-date because:
  No history is available.
Resolve mutations for :react-native-community_datetimepicker:packageDebugResources (Thread[included builds,5,main]) started.
:react-native-community_datetimepicker:packageDebugResources (Thread[included builds,5,main]) started.

> Task :react-native-community_datetimepicker:packageDebugResources
Caching disabled for task ':react-native-community_datetimepicker:packageDebugResources' because:
  Build cache is disabled
Task ':react-native-community_datetimepicker:packageDebugResources' is not up-to-date because:
  No history is available.
The input changes require a full rebuild for incremental task ':react-native-community_datetimepicker:packageDebugResources'.
[MergeResources] Inputs are non-incremental full task action.
work action resolve packageDebugResources (project :react-native-community_datetimepicker) (Thread[included builds,5,main]) started.
Resolve mutations for :react-native-community_netinfo:generateDebugResValues (Thread[included builds,5,main]) started.
:react-native-community_netinfo:generateDebugResValues (Thread[included builds,5,main]) started.

> Task :react-native-community_netinfo:generateDebugResValues
Caching disabled for task ':react-native-community_netinfo:generateDebugResValues' because:
  Build cache is disabled
Task ':react-native-community_netinfo:generateDebugResValues' is not up-to-date because:
  No history is available.
Resolve mutations for :react-native-community_netinfo:generateDebugResources (Thread[Execution worker,5,main]) started.
:react-native-community_netinfo:generateDebugResources (Thread[Execution worker,5,main]) started.

> Task :react-native-community_netinfo:generateDebugResources
Caching disabled for task ':react-native-community_netinfo:generateDebugResources' because:
  Build cache is disabled
Task ':react-native-community_netinfo:generateDebugResources' is not up-to-date because:
  No history is available.
Resolve mutations for :react-native-community_netinfo:packageDebugResources (Thread[Execution worker,5,main]) started.
:react-native-community_netinfo:packageDebugResources (Thread[Execution worker,5,main]) started.

> Task :react-native-community_netinfo:packageDebugResources
Caching disabled for task ':react-native-community_netinfo:packageDebugResources' because:
  Build cache is disabled
Task ':react-native-community_netinfo:packageDebugResources' is not up-to-date because:
  No history is available.
The input changes require a full rebuild for incremental task ':react-native-community_netinfo:packageDebugResources'.
[MergeResources] Inputs are non-incremental full task action.
work action resolve packageDebugResources (project :react-native-community_netinfo) (Thread[Execution worker,5,main]) started.
Resolve mutations for :react-native-firebase_app:generateDebugResValues (Thread[Execution worker,5,main]) started.
:react-native-firebase_app:generateDebugResValues (Thread[Execution worker,5,main]) started.

> Task :react-native-firebase_app:generateDebugResValues
Caching disabled for task ':react-native-firebase_app:generateDebugResValues' because:
  Build cache is disabled
Task ':react-native-firebase_app:generateDebugResValues' is not up-to-date because:
  No history is available.
Resolve mutations for :react-native-firebase_app:generateDebugResources (Thread[included builds,5,main]) started.
:react-native-firebase_app:generateDebugResources (Thread[included builds,5,main]) started.

> Task :react-native-firebase_app:generateDebugResources
Caching disabled for task ':react-native-firebase_app:generateDebugResources' because:
  Build cache is disabled
Task ':react-native-firebase_app:generateDebugResources' is not up-to-date because:
  No history is available.
Resolve mutations for :react-native-firebase_app:packageDebugResources (Thread[included builds,5,main]) started.
:react-native-firebase_app:packageDebugResources (Thread[included builds,5,main]) started.

> Task :react-native-firebase_app:packageDebugResources
Caching disabled for task ':react-native-firebase_app:packageDebugResources' because:
  Build cache is disabled
Task ':react-native-firebase_app:packageDebugResources' is not up-to-date because:
  No history is available.
The input changes require a full rebuild for incremental task ':react-native-firebase_app:packageDebugResources'.
[MergeResources] Inputs are non-incremental full task action.
work action resolve packageDebugResources (project :react-native-firebase_app) (Thread[included builds,5,main]) started.
Resolve mutations for :react-native-firebase_messaging:generateDebugResValues (Thread[included builds,5,main]) started.
:react-native-firebase_messaging:generateDebugResValues (Thread[included builds,5,main]) started.

> Task :react-native-firebase_messaging:generateDebugResValues
Caching disabled for task ':react-native-firebase_messaging:generateDebugResValues' because:
  Build cache is disabled
Task ':react-native-firebase_messaging:generateDebugResValues' is not up-to-date because:
  No history is available.
Resolve mutations for :react-native-firebase_messaging:generateDebugResources (Thread[Execution worker,5,main]) started.
:react-native-firebase_messaging:generateDebugResources (Thread[Execution worker,5,main]) started.

> Task :react-native-firebase_messaging:generateDebugResources
Caching disabled for task ':react-native-firebase_messaging:generateDebugResources' because:
  Build cache is disabled
Task ':react-native-firebase_messaging:generateDebugResources' is not up-to-date because:
  No history is available.
Resolve mutations for :react-native-firebase_messaging:packageDebugResources (Thread[Execution worker,5,main]) started.
:react-native-firebase_messaging:packageDebugResources (Thread[Execution worker,5,main]) started.

> Task :react-native-firebase_messaging:packageDebugResources
Caching disabled for task ':react-native-firebase_messaging:packageDebugResources' because:
  Build cache is disabled
Task ':react-native-firebase_messaging:packageDebugResources' is not up-to-date because:
  No history is available.
The input changes require a full rebuild for incremental task ':react-native-firebase_messaging:packageDebugResources'.
[MergeResources] Inputs are non-incremental full task action.
work action resolve packageDebugResources (project :react-native-firebase_messaging) (Thread[Execution worker,5,main]) started.
Resolve mutations for :react-native-gesture-handler:generateDebugResValues (Thread[Execution worker,5,main]) started.
:react-native-gesture-handler:generateDebugResValues (Thread[Execution worker,5,main]) started.

> Task :react-native-gesture-handler:generateDebugResValues
Caching disabled for task ':react-native-gesture-handler:generateDebugResValues' because:
  Build cache is disabled
Task ':react-native-gesture-handler:generateDebugResValues' is not up-to-date because:
  No history is available.
Resolve mutations for :react-native-gesture-handler:generateDebugResources (Thread[Execution worker,5,main]) started.
:react-native-gesture-handler:generateDebugResources (Thread[Execution worker,5,main]) started.

> Task :react-native-gesture-handler:generateDebugResources
Caching disabled for task ':react-native-gesture-handler:generateDebugResources' because:
  Build cache is disabled
Task ':react-native-gesture-handler:generateDebugResources' is not up-to-date because:
  No history is available.
Resolve mutations for :react-native-gesture-handler:packageDebugResources (Thread[included builds,5,main]) started.
:react-native-gesture-handler:packageDebugResources (Thread[included builds,5,main]) started.

> Task :react-native-gesture-handler:packageDebugResources
Caching disabled for task ':react-native-gesture-handler:packageDebugResources' because:
  Build cache is disabled
Task ':react-native-gesture-handler:packageDebugResources' is not up-to-date because:
  No history is available.
The input changes require a full rebuild for incremental task ':react-native-gesture-handler:packageDebugResources'.
[MergeResources] Inputs are non-incremental full task action.
work action resolve packageDebugResources (project :react-native-gesture-handler) (Thread[included builds,5,main]) started.
Resolve mutations for :react-native-linear-gradient:generateDebugResValues (Thread[included builds,5,main]) started.
:react-native-linear-gradient:generateDebugResValues (Thread[included builds,5,main]) started.

> Task :react-native-linear-gradient:generateDebugResValues
Caching disabled for task ':react-native-linear-gradient:generateDebugResValues' because:
  Build cache is disabled
Task ':react-native-linear-gradient:generateDebugResValues' is not up-to-date because:
  No history is available.
Resolve mutations for :react-native-linear-gradient:generateDebugResources (Thread[included builds,5,main]) started.
:react-native-linear-gradient:generateDebugResources (Thread[included builds,5,main]) started.

> Task :react-native-linear-gradient:generateDebugResources
Caching disabled for task ':react-native-linear-gradient:generateDebugResources' because:
  Build cache is disabled
Task ':react-native-linear-gradient:generateDebugResources' is not up-to-date because:
  No history is available.
Resolve mutations for :react-native-linear-gradient:packageDebugResources (Thread[included builds,5,main]) started.
:react-native-linear-gradient:packageDebugResources (Thread[included builds,5,main]) started.

> Task :react-native-linear-gradient:packageDebugResources
Caching disabled for task ':react-native-linear-gradient:packageDebugResources' because:
  Build cache is disabled
Task ':react-native-linear-gradient:packageDebugResources' is not up-to-date because:
  No history is available.
The input changes require a full rebuild for incremental task ':react-native-linear-gradient:packageDebugResources'.
[MergeResources] Inputs are non-incremental full task action.
work action resolve packageDebugResources (project :react-native-linear-gradient) (Thread[included builds,5,main]) started.
Resolve mutations for :react-native-masked-view_masked-view:generateDebugResValues (Thread[included builds,5,main]) started.
:react-native-masked-view_masked-view:generateDebugResValues (Thread[included builds,5,main]) started.

> Task :react-native-masked-view_masked-view:generateDebugResValues
Caching disabled for task ':react-native-masked-view_masked-view:generateDebugResValues' because:
  Build cache is disabled
Task ':react-native-masked-view_masked-view:generateDebugResValues' is not up-to-date because:
  No history is available.
Resolve mutations for :react-native-masked-view_masked-view:generateDebugResources (Thread[included builds,5,main]) started.
:react-native-masked-view_masked-view:generateDebugResources (Thread[included builds,5,main]) started.

> Task :react-native-masked-view_masked-view:generateDebugResources
Caching disabled for task ':react-native-masked-view_masked-view:generateDebugResources' because:
  Build cache is disabled
Task ':react-native-masked-view_masked-view:generateDebugResources' is not up-to-date because:
  No history is available.
Resolve mutations for :react-native-masked-view_masked-view:packageDebugResources (Thread[included builds,5,main]) started.
:react-native-masked-view_masked-view:packageDebugResources (Thread[included builds,5,main]) started.

> Task :react-native-masked-view_masked-view:packageDebugResources
Caching disabled for task ':react-native-masked-view_masked-view:packageDebugResources' because:
  Build cache is disabled
Task ':react-native-masked-view_masked-view:packageDebugResources' is not up-to-date because:
  No history is available.
The input changes require a full rebuild for incremental task ':react-native-masked-view_masked-view:packageDebugResources'.
[MergeResources] Inputs are non-incremental full task action.
work action resolve packageDebugResources (project :react-native-masked-view_masked-view) (Thread[included builds,5,main]) started.
Resolve mutations for :react-native-permissions:generateDebugResValues (Thread[included builds,5,main]) started.
:react-native-permissions:generateDebugResValues (Thread[included builds,5,main]) started.

> Task :react-native-permissions:generateDebugResValues
Caching disabled for task ':react-native-permissions:generateDebugResValues' because:
  Build cache is disabled
Task ':react-native-permissions:generateDebugResValues' is not up-to-date because:
  No history is available.
Resolve mutations for :react-native-permissions:generateDebugResources (Thread[included builds,5,main]) started.
:react-native-permissions:generateDebugResources (Thread[included builds,5,main]) started.

> Task :react-native-permissions:generateDebugResources
Caching disabled for task ':react-native-permissions:generateDebugResources' because:
  Build cache is disabled
Task ':react-native-permissions:generateDebugResources' is not up-to-date because:
  No history is available.
Resolve mutations for :react-native-permissions:packageDebugResources (Thread[included builds,5,main]) started.
:react-native-permissions:packageDebugResources (Thread[included builds,5,main]) started.

> Task :react-native-permissions:packageDebugResources
Caching disabled for task ':react-native-permissions:packageDebugResources' because:
  Build cache is disabled
Task ':react-native-permissions:packageDebugResources' is not up-to-date because:
  No history is available.
The input changes require a full rebuild for incremental task ':react-native-permissions:packageDebugResources'.
[MergeResources] Inputs are non-incremental full task action.
work action resolve packageDebugResources (project :react-native-permissions) (Thread[included builds,5,main]) started.
Resolve mutations for :react-native-reanimated:generateDebugResValues (Thread[included builds,5,main]) started.
:react-native-reanimated:generateDebugResValues (Thread[included builds,5,main]) started.

> Task :react-native-reanimated:generateDebugResValues
Caching disabled for task ':react-native-reanimated:generateDebugResValues' because:
  Build cache is disabled
Task ':react-native-reanimated:generateDebugResValues' is not up-to-date because:
  No history is available.
Resolve mutations for :react-native-reanimated:generateDebugResources (Thread[included builds,5,main]) started.
:react-native-reanimated:generateDebugResources (Thread[included builds,5,main]) started.

> Task :react-native-reanimated:generateDebugResources
Caching disabled for task ':react-native-reanimated:generateDebugResources' because:
  Build cache is disabled
Task ':react-native-reanimated:generateDebugResources' is not up-to-date because:
  No history is available.
Resolve mutations for :react-native-reanimated:packageDebugResources (Thread[included builds,5,main]) started.
:react-native-reanimated:packageDebugResources (Thread[included builds,5,main]) started.

> Task :react-native-reanimated:packageDebugResources
Caching disabled for task ':react-native-reanimated:packageDebugResources' because:
  Build cache is disabled
Task ':react-native-reanimated:packageDebugResources' is not up-to-date because:
  No history is available.
The input changes require a full rebuild for incremental task ':react-native-reanimated:packageDebugResources'.
[MergeResources] Inputs are non-incremental full task action.
work action resolve packageDebugResources (project :react-native-reanimated) (Thread[included builds,5,main]) started.
Resolve mutations for :react-native-safe-area-context:generateDebugResValues (Thread[included builds,5,main]) started.
:react-native-safe-area-context:generateDebugResValues (Thread[included builds,5,main]) started.

> Task :react-native-safe-area-context:generateDebugResValues
Caching disabled for task ':react-native-safe-area-context:generateDebugResValues' because:
  Build cache is disabled
Task ':react-native-safe-area-context:generateDebugResValues' is not up-to-date because:
  No history is available.
Resolve mutations for :react-native-safe-area-context:generateDebugResources (Thread[included builds,5,main]) started.
:react-native-safe-area-context:generateDebugResources (Thread[included builds,5,main]) started.

> Task :react-native-safe-area-context:generateDebugResources
Caching disabled for task ':react-native-safe-area-context:generateDebugResources' because:
  Build cache is disabled
Task ':react-native-safe-area-context:generateDebugResources' is not up-to-date because:
  No history is available.
Resolve mutations for :react-native-safe-area-context:packageDebugResources (Thread[included builds,5,main]) started.
:react-native-safe-area-context:packageDebugResources (Thread[included builds,5,main]) started.

> Task :react-native-safe-area-context:packageDebugResources
Caching disabled for task ':react-native-safe-area-context:packageDebugResources' because:
  Build cache is disabled
Task ':react-native-safe-area-context:packageDebugResources' is not up-to-date because:
  No history is available.
The input changes require a full rebuild for incremental task ':react-native-safe-area-context:packageDebugResources'.
[MergeResources] Inputs are non-incremental full task action.
work action resolve packageDebugResources (project :react-native-safe-area-context) (Thread[included builds,5,main]) started.
Resolve mutations for :react-native-screens:generateDebugResValues (Thread[included builds,5,main]) started.
:react-native-screens:generateDebugResValues (Thread[included builds,5,main]) started.

> Task :react-native-screens:generateDebugResValues
Caching disabled for task ':react-native-screens:generateDebugResValues' because:
  Build cache is disabled
Task ':react-native-screens:generateDebugResValues' is not up-to-date because:
  No history is available.
Resolve mutations for :react-native-screens:generateDebugResources (Thread[included builds,5,main]) started.
:react-native-screens:generateDebugResources (Thread[included builds,5,main]) started.

> Task :react-native-screens:generateDebugResources
Caching disabled for task ':react-native-screens:generateDebugResources' because:
  Build cache is disabled
Task ':react-native-screens:generateDebugResources' is not up-to-date because:
  No history is available.
Resolve mutations for :react-native-screens:packageDebugResources (Thread[included builds,5,main]) started.
:react-native-screens:packageDebugResources (Thread[included builds,5,main]) started.

> Task :react-native-screens:packageDebugResources
Caching disabled for task ':react-native-screens:packageDebugResources' because:
  Build cache is disabled
Task ':react-native-screens:packageDebugResources' is not up-to-date because:
  No history is available.
The input changes require a full rebuild for incremental task ':react-native-screens:packageDebugResources'.
[MergeResources] Inputs are non-incremental full task action.
work action resolve packageDebugResources (project :react-native-screens) (Thread[included builds,5,main]) started.
Resolve mutations for :react-native-svg:generateDebugResValues (Thread[included builds,5,main]) started.
:react-native-svg:generateDebugResValues (Thread[included builds,5,main]) started.

> Task :react-native-svg:generateDebugResValues
Caching disabled for task ':react-native-svg:generateDebugResValues' because:
  Build cache is disabled
Task ':react-native-svg:generateDebugResValues' is not up-to-date because:
  No history is available.
Resolve mutations for :react-native-svg:generateDebugResources (Thread[included builds,5,main]) started.
:react-native-svg:generateDebugResources (Thread[included builds,5,main]) started.

> Task :react-native-svg:generateDebugResources
Caching disabled for task ':react-native-svg:generateDebugResources' because:
  Build cache is disabled
Task ':react-native-svg:generateDebugResources' is not up-to-date because:
  No history is available.
Resolve mutations for :react-native-svg:packageDebugResources (Thread[included builds,5,main]) started.
:react-native-svg:packageDebugResources (Thread[Execution worker,5,main]) started.

> Task :react-native-svg:packageDebugResources
Caching disabled for task ':react-native-svg:packageDebugResources' because:
  Build cache is disabled
Task ':react-native-svg:packageDebugResources' is not up-to-date because:
  No history is available.
The input changes require a full rebuild for incremental task ':react-native-svg:packageDebugResources'.
[MergeResources] Inputs are non-incremental full task action.
work action resolve packageDebugResources (project :react-native-svg) (Thread[Execution worker,5,main]) started.
Resolve mutations for :react-native-tts:generateDebugResValues (Thread[Execution worker,5,main]) started.
:react-native-tts:generateDebugResValues (Thread[Execution worker,5,main]) started.

> Task :react-native-tts:generateDebugResValues
Caching disabled for task ':react-native-tts:generateDebugResValues' because:
  Build cache is disabled
Task ':react-native-tts:generateDebugResValues' is not up-to-date because:
  No history is available.
Resolve mutations for :react-native-tts:generateDebugResources (Thread[Execution worker,5,main]) started.
:react-native-tts:generateDebugResources (Thread[Execution worker,5,main]) started.

> Task :react-native-tts:generateDebugResources
Caching disabled for task ':react-native-tts:generateDebugResources' because:
  Build cache is disabled
Task ':react-native-tts:generateDebugResources' is not up-to-date because:
  No history is available.
Resolve mutations for :react-native-tts:packageDebugResources (Thread[Execution worker,5,main]) started.
:react-native-tts:packageDebugResources (Thread[Execution worker,5,main]) started.

> Task :react-native-tts:packageDebugResources
Caching disabled for task ':react-native-tts:packageDebugResources' because:
  Build cache is disabled
Task ':react-native-tts:packageDebugResources' is not up-to-date because:
  No history is available.
The input changes require a full rebuild for incremental task ':react-native-tts:packageDebugResources'.
[MergeResources] Inputs are non-incremental full task action.
work action resolve packageDebugResources (project :react-native-tts) (Thread[included builds,5,main]) started.
Resolve mutations for :react-native-worklets:generateDebugResValues (Thread[included builds,5,main]) started.
:react-native-worklets:generateDebugResValues (Thread[included builds,5,main]) started.

> Task :react-native-worklets:generateDebugResValues
Caching disabled for task ':react-native-worklets:generateDebugResValues' because:
  Build cache is disabled
Task ':react-native-worklets:generateDebugResValues' is not up-to-date because:
  No history is available.
Resolve mutations for :react-native-worklets:generateDebugResources (Thread[Execution worker,5,main]) started.
:react-native-worklets:generateDebugResources (Thread[Execution worker,5,main]) started.

> Task :react-native-worklets:generateDebugResources
Caching disabled for task ':react-native-worklets:generateDebugResources' because:
  Build cache is disabled
Task ':react-native-worklets:generateDebugResources' is not up-to-date because:
  No history is available.
Resolve mutations for :react-native-worklets:packageDebugResources (Thread[included builds,5,main]) started.
:react-native-worklets:packageDebugResources (Thread[Execution worker Thread 3,5,main]) started.

> Task :react-native-worklets:packageDebugResources
Caching disabled for task ':react-native-worklets:packageDebugResources' because:
  Build cache is disabled
Task ':react-native-worklets:packageDebugResources' is not up-to-date because:
  No history is available.
The input changes require a full rebuild for incremental task ':react-native-worklets:packageDebugResources'.
[MergeResources] Inputs are non-incremental full task action.
work action resolve packageDebugResources (project :react-native-worklets) (Thread[Execution worker Thread 3,5,main]) started.
Resolve mutations for :app:mapDebugSourceSetPaths (Thread[Execution worker Thread 3,5,main]) started.
:app:mapDebugSourceSetPaths (Thread[Execution worker Thread 3,5,main]) started.

> Task :app:mapDebugSourceSetPaths
Caching disabled for task ':app:mapDebugSourceSetPaths' because:
  Build cache is disabled
  Caching has been disabled for the task
Task ':app:mapDebugSourceSetPaths' is not up-to-date because:
  No history is available.
Resolve mutations for :app:generateDebugResources (Thread[Execution worker Thread 3,5,main]) started.
:app:generateDebugResources (Thread[Execution worker Thread 3,5,main]) started.

> Task :app:generateDebugResources
Caching disabled for task ':app:generateDebugResources' because:
  Build cache is disabled
Task ':app:generateDebugResources' is not up-to-date because:
  No history is available.
Resolve mutations for :app:mergeDebugResources (Thread[Execution worker Thread 3,5,main]) started.
:app:mergeDebugResources (Thread[Execution worker Thread 3,5,main]) started.

> Task :app:mergeDebugResources
Caching disabled for task ':app:mergeDebugResources' because:
  Build cache is disabled
Task ':app:mergeDebugResources' is not up-to-date because:
  No history is available.
The input changes require a full rebuild for incremental task ':app:mergeDebugResources'.
[MergeResources] Inputs are non-incremental full task action.

Resolve mutations for :app:packageDebugResources (Thread[Execution worker,5,main]) started.
:app:packageDebugResources (Thread[Execution worker,5,main]) started.

> Task :app:packageDebugResources
Caching disabled for task ':app:packageDebugResources' because:
  Build cache is disabled
Task ':app:packageDebugResources' is not up-to-date because:
  No history is available.
The input changes require a full rebuild for incremental task ':app:packageDebugResources'.
[MergeResources] Inputs are non-incremental full task action.
Resolve mutations for :app:parseDebugLocalResources (Thread[Execution worker,5,main]) started.
:app:parseDebugLocalResources (Thread[Execution worker,5,main]) started.
Resolve mutations for :app:createDebugCompatibleScreenManifests (Thread[Execution worker Thread 2,5,main]) started.
:app:createDebugCompatibleScreenManifests (Thread[Execution worker Thread 2,5,main]) started.

> Task :app:createDebugCompatibleScreenManifests
Caching disabled for task ':app:createDebugCompatibleScreenManifests' because:
  Build cache is disabled
  Caching has been disabled for the task
Task ':app:createDebugCompatibleScreenManifests' is not up-to-date because:
  No history is available.
Resolve mutations for :app:extractDeepLinksDebug (Thread[Execution worker Thread 2,5,main]) started.
:app:extractDeepLinksDebug (Thread[Execution worker Thread 2,5,main]) started.

> Task :app:extractDeepLinksDebug
Caching disabled for task ':app:extractDeepLinksDebug' because:
  Build cache is disabled
Task ':app:extractDeepLinksDebug' is not up-to-date because:
  No history is available.
Resolve mutations for :notifee_react-native:extractDeepLinksDebug (Thread[Execution worker Thread 2,5,main]) started.
:notifee_react-native:extractDeepLinksDebug (Thread[Execution worker Thread 2,5,main]) started.

> Task :notifee_react-native:extractDeepLinksDebug
Caching disabled for task ':notifee_react-native:extractDeepLinksDebug' because:
  Build cache is disabled
Task ':notifee_react-native:extractDeepLinksDebug' is not up-to-date because:
  No history is available.
work action resolve navigation.json (project :notifee_react-native) (Thread[Execution worker Thread 2,5,main]) started.
Resolve mutations for :notifee_react-native:processDebugManifest (Thread[Execution worker Thread 2,5,main]) started.
:notifee_react-native:processDebugManifest (Thread[Execution worker Thread 2,5,main]) started.
Resolve mutations for :react-native-async-storage_async-storage:extractDeepLinksDebug (Thread[included builds,5,main]) started.
:react-native-async-storage_async-storage:extractDeepLinksDebug (Thread[included builds,5,main]) started.

> Task :react-native-async-storage_async-storage:extractDeepLinksDebug
Caching disabled for task ':react-native-async-storage_async-storage:extractDeepLinksDebug' because:
  Build cache is disabled
Task ':react-native-async-storage_async-storage:extractDeepLinksDebug' is not up-to-date because:
  No history is available.
work action resolve navigation.json (project :react-native-async-storage_async-storage) (Thread[included builds,5,main]) started.
Resolve mutations for :react-native-async-storage_async-storage:processDebugManifest (Thread[included builds,5,main]) started.
:react-native-async-storage_async-storage:processDebugManifest (Thread[included builds,5,main]) started.

> Task :app:parseDebugLocalResources
Caching disabled for task ':app:parseDebugLocalResources' because:
  Build cache is disabled
Task ':app:parseDebugLocalResources' is not up-to-date because:
  No history is available.
The input changes require a full rebuild for incremental task ':app:parseDebugLocalResources'.
Resolve mutations for :react-native-community_datetimepicker:extractDeepLinksDebug (Thread[Execution worker,5,main]) started.
:react-native-community_datetimepicker:extractDeepLinksDebug (Thread[Execution worker,5,main]) started.

> Task :react-native-community_datetimepicker:extractDeepLinksDebug
Caching disabled for task ':react-native-community_datetimepicker:extractDeepLinksDebug' because:
  Build cache is disabled
Task ':react-native-community_datetimepicker:extractDeepLinksDebug' is not up-to-date because:
  No history is available.
work action resolve navigation.json (project :react-native-community_datetimepicker) (Thread[Execution worker,5,main]) started.
Resolve mutations for :react-native-community_datetimepicker:processDebugManifest (Thread[Execution worker,5,main]) started.
:react-native-community_datetimepicker:processDebugManifest (Thread[Execution worker,5,main]) started.

> Task :react-native-community_datetimepicker:processDebugManifest
Caching disabled for task ':react-native-community_datetimepicker:processDebugManifest' because:
  Build cache is disabled
Task ':react-native-community_datetimepicker:processDebugManifest' is not up-to-date because:
  No history is available.
Merging main manifest /home/boniface/project/BiblePABMobile/node_modules/@react-native-community/datetimepicker/android/src/main/AndroidManifest.xml

Merging result: SUCCESS
1<?xml version="1.0" encoding="utf-8"?>
2<manifest xmlns:android="http://schemas.android.com/apk/res/android"
3    package="com.reactcommunity.rndatetimepicker" >
4
5    <uses-sdk android:minSdkVersion="24" />
6
7    <application />
7-->/home/boniface/project/BiblePABMobile/node_modules/@react-native-community/datetimepicker/android/src/main/AndroidManifest.xml:2:3-18
8
9</manifest>

Merged manifest saved to /home/boniface/project/BiblePABMobile/node_modules/@react-native-community/datetimepicker/android/build/intermediates/merged_manifest/debug/processDebugManifest/AndroidManifest.xml
work action resolve AndroidManifest.xml (project :react-native-community_datetimepicker) (Thread[Execution worker,5,main]) started.
Resolve mutations for :react-native-community_netinfo:extractDeepLinksDebug (Thread[Execution worker,5,main]) started.

> Task :notifee_react-native:processDebugManifest
Caching disabled for task ':notifee_react-native:processDebugManifest' because:
  Build cache is disabled
Task ':notifee_react-native:processDebugManifest' is not up-to-date because:
  No history is available.
package="io.invertase.notifee" found in source AndroidManifest.xml: /home/boniface/project/BiblePABMobile/node_modules/@notifee/react-native/android/src/main/AndroidManifest.xml.
Setting the namespace via the package attribute in the source AndroidManifest.xml is no longer supported, and the value is ignored.
Recommendation: remove package="io.invertase.notifee" from the source AndroidManifest.xml: /home/boniface/project/BiblePABMobile/node_modules/@notifee/react-native/android/src/main/AndroidManifest.xml.
Merging main manifest /home/boniface/project/BiblePABMobile/node_modules/@notifee/react-native/android/src/main/AndroidManifest.xml

Merging result: SUCCESS
1<?xml version="1.0" encoding="utf-8"?>
2<manifest xmlns:android="http://schemas.android.com/apk/res/android"
3    package="io.invertase.notifee" >
4
5    <uses-sdk android:minSdkVersion="24" />
6
7    <application>
7-->/home/boniface/project/BiblePABMobile/node_modules/@notifee/react-native/android/src/main/AndroidManifest.xml:5:3-11:17
8        <provider
8-->/home/boniface/project/BiblePABMobile/node_modules/@notifee/react-native/android/src/main/AndroidManifest.xml:6:5-10:34
9            android:name="io.invertase.notifee.NotifeeInitProvider"
9-->/home/boniface/project/BiblePABMobile/node_modules/@notifee/react-native/android/src/main/AndroidManifest.xml:7:7-42
10            android:authorities="${applicationId}.notifee-init-provider"
10-->/home/boniface/project/BiblePABMobile/node_modules/@notifee/react-native/android/src/main/AndroidManifest.xml:8:7-67
11            android:exported="false"
11-->/home/boniface/project/BiblePABMobile/node_modules/@notifee/react-native/android/src/main/AndroidManifest.xml:9:7-31
12            android:initOrder="-100" />
12-->/home/boniface/project/BiblePABMobile/node_modules/@notifee/react-native/android/src/main/AndroidManifest.xml:10:7-31
13    </application>
14
15</manifest>

Merged manifest saved to /home/boniface/project/BiblePABMobile/node_modules/@notifee/react-native/android/build/intermediates/merged_manifest/debug/processDebugManifest/AndroidManifest.xml
work action resolve AndroidManifest.xml (project :notifee_react-native) (Thread[Execution worker,5,main]) started.

> Task :react-native-async-storage_async-storage:processDebugManifest
Caching disabled for task ':react-native-async-storage_async-storage:processDebugManifest' because:
  Build cache is disabled
Task ':react-native-async-storage_async-storage:processDebugManifest' is not up-to-date because:
  No history is available.
package="com.reactnativecommunity.asyncstorage" found in source AndroidManifest.xml: /home/boniface/project/BiblePABMobile/node_modules/@react-native-async-storage/async-storage/android/src/main/AndroidManifest.xml.
Setting the namespace via the package attribute in the source AndroidManifest.xml is no longer supported, and the value is ignored.
Recommendation: remove package="com.reactnativecommunity.asyncstorage" from the source AndroidManifest.xml: /home/boniface/project/BiblePABMobile/node_modules/@react-native-async-storage/async-storage/android/src/main/AndroidManifest.xml.
Merging main manifest /home/boniface/project/BiblePABMobile/node_modules/@react-native-async-storage/async-storage/android/src/main/AndroidManifest.xml

Merging result: SUCCESS
1<?xml version="1.0" encoding="utf-8"?>
2<manifest xmlns:android="http://schemas.android.com/apk/res/android"
3    package="com.reactnativecommunity.asyncstorage" >
4
5    <uses-sdk android:minSdkVersion="24" />
6
7</manifest>

Merged manifest saved to /home/boniface/project/BiblePABMobile/node_modules/@react-native-async-storage/async-storage/android/build/intermediates/merged_manifest/debug/processDebugManifest/AndroidManifest.xml
:react-native-community_netinfo:extractDeepLinksDebug (Thread[Execution worker,5,main]) started.

> Task :react-native-community_netinfo:extractDeepLinksDebug
Caching disabled for task ':react-native-community_netinfo:extractDeepLinksDebug' because:
  Build cache is disabled
Task ':react-native-community_netinfo:extractDeepLinksDebug' is not up-to-date because:
  No history is available.
work action resolve navigation.json (project :react-native-community_netinfo) (Thread[included builds,5,main]) started.
work action resolve AndroidManifest.xml (project :react-native-async-storage_async-storage) (Thread[included builds,5,main]) started.
Resolve mutations for :react-native-community_netinfo:processDebugManifest (Thread[included builds,5,main]) started.
:react-native-community_netinfo:processDebugManifest (Thread[included builds,5,main]) started.
Resolve mutations for :react-native-firebase_app:extractDeepLinksDebug (Thread[Execution worker,5,main]) started.
:react-native-firebase_app:extractDeepLinksDebug (Thread[Execution worker,5,main]) started.

> Task :react-native-firebase_app:extractDeepLinksDebug
Caching disabled for task ':react-native-firebase_app:extractDeepLinksDebug' because:
  Build cache is disabled
Task ':react-native-firebase_app:extractDeepLinksDebug' is not up-to-date because:
  No history is available.
work action resolve navigation.json (project :react-native-firebase_app) (Thread[Execution worker Thread 2,5,main]) started.
Resolve mutations for :react-native-firebase_app:processDebugManifest (Thread[Execution worker Thread 2,5,main]) started.
:react-native-firebase_app:processDebugManifest (Thread[Execution worker Thread 2,5,main]) started.

> Task :react-native-community_netinfo:processDebugManifest
Caching disabled for task ':react-native-community_netinfo:processDebugManifest' because:
  Build cache is disabled
Task ':react-native-community_netinfo:processDebugManifest' is not up-to-date because:
  No history is available.
package="com.reactnativecommunity.netinfo" found in source AndroidManifest.xml: /home/boniface/project/BiblePABMobile/node_modules/@react-native-community/netinfo/android/src/main/AndroidManifest.xml.
Setting the namespace via the package attribute in the source AndroidManifest.xml is no longer supported, and the value is ignored.
Recommendation: remove package="com.reactnativecommunity.netinfo" from the source AndroidManifest.xml: /home/boniface/project/BiblePABMobile/node_modules/@react-native-community/netinfo/android/src/main/AndroidManifest.xml.
Merging main manifest /home/boniface/project/BiblePABMobile/node_modules/@react-native-community/netinfo/android/src/main/AndroidManifest.xml

Merging result: SUCCESS
1<?xml version="1.0" encoding="utf-8"?>
2<manifest xmlns:android="http://schemas.android.com/apk/res/android"
3    package="com.reactnativecommunity.netinfo" >
4
5    <uses-sdk android:minSdkVersion="24" />
6
7    <uses-permission android:name="android.permission.ACCESS_NETWORK_STATE" />
7-->/home/boniface/project/BiblePABMobile/node_modules/@react-native-community/netinfo/android/src/main/AndroidManifest.xml:6:2-7:60
7-->/home/boniface/project/BiblePABMobile/node_modules/@react-native-community/netinfo/android/src/main/AndroidManifest.xml:7:3-57
8    <uses-permission android:name="android.permission.ACCESS_WIFI_STATE" />
8-->/home/boniface/project/BiblePABMobile/node_modules/@react-native-community/netinfo/android/src/main/AndroidManifest.xml:8:2-9:57
8-->/home/boniface/project/BiblePABMobile/node_modules/@react-native-community/netinfo/android/src/main/AndroidManifest.xml:9:3-54
9
10</manifest>

Merged manifest saved to /home/boniface/project/BiblePABMobile/node_modules/@react-native-community/netinfo/android/build/intermediates/merged_manifest/debug/processDebugManifest/AndroidManifest.xml
work action resolve AndroidManifest.xml (project :react-native-community_netinfo) (Thread[included builds,5,main]) started.
Resolve mutations for :react-native-firebase_messaging:extractDeepLinksDebug (Thread[included builds,5,main]) started.
:react-native-firebase_messaging:extractDeepLinksDebug (Thread[included builds,5,main]) started.

> Task :react-native-firebase_messaging:extractDeepLinksDebug
Caching disabled for task ':react-native-firebase_messaging:extractDeepLinksDebug' because:
  Build cache is disabled
Task ':react-native-firebase_messaging:extractDeepLinksDebug' is not up-to-date because:
  No history is available.
work action resolve navigation.json (project :react-native-firebase_messaging) (Thread[Execution worker,5,main]) started.
Resolve mutations for :react-native-firebase_messaging:processDebugManifest (Thread[Execution worker,5,main]) started.
:react-native-firebase_messaging:processDebugManifest (Thread[Execution worker,5,main]) started.
Resolve mutations for :react-native-gesture-handler:extractDeepLinksDebug (Thread[included builds,5,main]) started.
:react-native-gesture-handler:extractDeepLinksDebug (Thread[included builds,5,main]) started.

> Task :react-native-firebase_app:processDebugManifest
Caching disabled for task ':react-native-firebase_app:processDebugManifest' because:
  Build cache is disabled
Task ':react-native-firebase_app:processDebugManifest' is not up-to-date because:
  No history is available.
package="io.invertase.firebase" found in source AndroidManifest.xml: /home/boniface/project/BiblePABMobile/node_modules/@react-native-firebase/app/android/src/main/AndroidManifest.xml.
Setting the namespace via the package attribute in the source AndroidManifest.xml is no longer supported, and the value is ignored.
Recommendation: remove package="io.invertase.firebase" from the source AndroidManifest.xml: /home/boniface/project/BiblePABMobile/node_modules/@react-native-firebase/app/android/src/main/AndroidManifest.xml.
Merging main manifest /home/boniface/project/BiblePABMobile/node_modules/@react-native-firebase/app/android/src/main/AndroidManifest.xml

Merging result: SUCCESS
1<?xml version="1.0" encoding="utf-8"?>
2<manifest xmlns:android="http://schemas.android.com/apk/res/android"
3    xmlns:tools="http://schemas.android.com/tools"
4    package="io.invertase.firebase" >
5
6    <uses-sdk android:minSdkVersion="24" />
7
8    <application>
8-->/home/boniface/project/BiblePABMobile/node_modules/@react-native-firebase/app/android/src/main/AndroidManifest.xml:6:3-23:17
9        <meta-data
10            android:name="app_data_collection_default_enabled"
10-->/home/boniface/project/BiblePABMobile/node_modules/@react-native-firebase/app/android/src/main/AndroidManifest.xml:7:16-66
11            android:value="true" />
11-->/home/boniface/project/BiblePABMobile/node_modules/@react-native-firebase/app/android/src/main/AndroidManifest.xml:7:67-126
12
13        <service
13-->/home/boniface/project/BiblePABMobile/node_modules/@react-native-firebase/app/android/src/main/AndroidManifest.xml:8:5-17:15
14            android:name="com.google.firebase.components.ComponentDiscoveryService"
14-->/home/boniface/project/BiblePABMobile/node_modules/@react-native-firebase/app/android/src/main/AndroidManifest.xml:9:7-78
15            android:directBootAware="true"
15-->/home/boniface/project/BiblePABMobile/node_modules/@react-native-firebase/app/android/src/main/AndroidManifest.xml:10:7-37
16            android:exported="false"
16-->/home/boniface/project/BiblePABMobile/node_modules/@react-native-firebase/app/android/src/main/AndroidManifest.xml:11:7-31
17            tools:targetApi="n" >
17-->/home/boniface/project/BiblePABMobile/node_modules/@react-native-firebase/app/android/src/main/AndroidManifest.xml:12:7-26
18            <meta-data
18-->/home/boniface/project/BiblePABMobile/node_modules/@react-native-firebase/app/android/src/main/AndroidManifest.xml:14:7-16:77
19                android:name="com.google.firebase.components:io.invertase.firebase.app.ReactNativeFirebaseAppRegistrar"
19-->/home/boniface/project/BiblePABMobile/node_modules/@react-native-firebase/app/android/src/main/AndroidManifest.xml:15:9-112
20                android:value="com.google.firebase.components.ComponentRegistrar" />
20-->/home/boniface/project/BiblePABMobile/node_modules/@react-native-firebase/app/android/src/main/AndroidManifest.xml:16:9-74
21        </service>
22
23        <provider
23-->/home/boniface/project/BiblePABMobile/node_modules/@react-native-firebase/app/android/src/main/AndroidManifest.xml:18:5-22:32
24            android:name="io.invertase.firebase.app.ReactNativeFirebaseAppInitProvider"
24-->/home/boniface/project/BiblePABMobile/node_modules/@react-native-firebase/app/android/src/main/AndroidManifest.xml:19:7-82
25            android:authorities="${applicationId}.reactnativefirebaseappinitprovider"
25-->/home/boniface/project/BiblePABMobile/node_modules/@react-native-firebase/app/android/src/main/AndroidManifest.xml:20:7-80
26            android:exported="false"
26-->/home/boniface/project/BiblePABMobile/node_modules/@react-native-firebase/app/android/src/main/AndroidManifest.xml:21:7-31
27            android:initOrder="99" /> <!-- Firebase = 100, using 99 to run after Firebase initialises (highest first) -->
27-->/home/boniface/project/BiblePABMobile/node_modules/@react-native-firebase/app/android/src/main/AndroidManifest.xml:22:7-29
28    </application>
29
30</manifest>

Merged manifest saved to /home/boniface/project/BiblePABMobile/node_modules/@react-native-firebase/app/android/build/intermediates/merged_manifest/debug/processDebugManifest/AndroidManifest.xml

> Task :react-native-gesture-handler:extractDeepLinksDebug
Caching disabled for task ':react-native-gesture-handler:extractDeepLinksDebug' because:
  Build cache is disabled
Task ':react-native-gesture-handler:extractDeepLinksDebug' is not up-to-date because:
  No history is available.
work action resolve navigation.json (project :react-native-gesture-handler) (Thread[included builds,5,main]) started.
work action resolve AndroidManifest.xml (project :react-native-firebase_app) (Thread[included builds,5,main]) started.
Resolve mutations for :react-native-gesture-handler:processDebugManifest (Thread[included builds,5,main]) started.
:react-native-gesture-handler:processDebugManifest (Thread[included builds,5,main]) started.
Resolve mutations for :react-native-linear-gradient:extractDeepLinksDebug (Thread[Execution worker Thread 2,5,main]) started.
:react-native-linear-gradient:extractDeepLinksDebug (Thread[Execution worker Thread 2,5,main]) started.

> Task :react-native-firebase_messaging:processDebugManifest
Caching disabled for task ':react-native-firebase_messaging:processDebugManifest' because:
  Build cache is disabled
Task ':react-native-firebase_messaging:processDebugManifest' is not up-to-date because:
  No history is available.
package="io.invertase.firebase.messaging" found in source AndroidManifest.xml: /home/boniface/project/BiblePABMobile/node_modules/@react-native-firebase/messaging/android/src/main/AndroidManifest.xml.
Setting the namespace via the package attribute in the source AndroidManifest.xml is no longer supported, and the value is ignored.
Recommendation: remove package="io.invertase.firebase.messaging" from the source AndroidManifest.xml: /home/boniface/project/BiblePABMobile/node_modules/@react-native-firebase/messaging/android/src/main/AndroidManifest.xml.
Merging main manifest /home/boniface/project/BiblePABMobile/node_modules/@react-native-firebase/messaging/android/src/main/AndroidManifest.xml

Merging result: SUCCESS
1<?xml version="1.0" encoding="utf-8"?>
2<manifest xmlns:android="http://schemas.android.com/apk/res/android"
3    package="io.invertase.firebase.messaging" >
4
5    <uses-sdk android:minSdkVersion="24" />
6
7    <uses-permission android:name="android.permission.INTERNET" />
7-->/home/boniface/project/BiblePABMobile/node_modules/@react-native-firebase/messaging/android/src/main/AndroidManifest.xml:5:3-64
7-->/home/boniface/project/BiblePABMobile/node_modules/@react-native-firebase/messaging/android/src/main/AndroidManifest.xml:5:20-62
8    <uses-permission android:name="android.permission.WAKE_LOCK" />
8-->/home/boniface/project/BiblePABMobile/node_modules/@react-native-firebase/messaging/android/src/main/AndroidManifest.xml:6:3-65
8-->/home/boniface/project/BiblePABMobile/node_modules/@react-native-firebase/messaging/android/src/main/AndroidManifest.xml:6:20-63
9    <uses-permission android:name="android.permission.ACCESS_NETWORK_STATE" />
9-->/home/boniface/project/BiblePABMobile/node_modules/@react-native-firebase/messaging/android/src/main/AndroidManifest.xml:7:3-76
9-->/home/boniface/project/BiblePABMobile/node_modules/@react-native-firebase/messaging/android/src/main/AndroidManifest.xml:7:20-74
10
11    <application>
11-->/home/boniface/project/BiblePABMobile/node_modules/@react-native-firebase/messaging/android/src/main/AndroidManifest.xml:9:3-42:17
12        <service
12-->/home/boniface/project/BiblePABMobile/node_modules/@react-native-firebase/messaging/android/src/main/AndroidManifest.xml:10:5-11:42
13            android:name="io.invertase.firebase.messaging.ReactNativeFirebaseMessagingHeadlessService"
13-->/home/boniface/project/BiblePABMobile/node_modules/@react-native-firebase/messaging/android/src/main/AndroidManifest.xml:10:14-73
14            android:exported="false" />
14-->/home/boniface/project/BiblePABMobile/node_modules/@react-native-firebase/messaging/android/src/main/AndroidManifest.xml:11:15-39
15        <service
15-->/home/boniface/project/BiblePABMobile/node_modules/@react-native-firebase/messaging/android/src/main/AndroidManifest.xml:12:5-17:15
16            android:name="io.invertase.firebase.messaging.ReactNativeFirebaseMessagingService"
16-->/home/boniface/project/BiblePABMobile/node_modules/@react-native-firebase/messaging/android/src/main/AndroidManifest.xml:12:14-65
17            android:exported="false" >
17-->/home/boniface/project/BiblePABMobile/node_modules/@react-native-firebase/messaging/android/src/main/AndroidManifest.xml:13:14-38
18            <intent-filter>
18-->/home/boniface/project/BiblePABMobile/node_modules/@react-native-firebase/messaging/android/src/main/AndroidManifest.xml:14:7-16:23
19                <action android:name="com.google.firebase.MESSAGING_EVENT" />
19-->/home/boniface/project/BiblePABMobile/node_modules/@react-native-firebase/messaging/android/src/main/AndroidManifest.xml:15:9-69
19-->/home/boniface/project/BiblePABMobile/node_modules/@react-native-firebase/messaging/android/src/main/AndroidManifest.xml:15:17-67
20            </intent-filter>
21        </service>
22
23        <receiver
23-->/home/boniface/project/BiblePABMobile/node_modules/@react-native-firebase/messaging/android/src/main/AndroidManifest.xml:18:5-25:16
24            android:name="io.invertase.firebase.messaging.ReactNativeFirebaseMessagingReceiver"
24-->/home/boniface/project/BiblePABMobile/node_modules/@react-native-firebase/messaging/android/src/main/AndroidManifest.xml:19:7-59
25            android:exported="true"
25-->/home/boniface/project/BiblePABMobile/node_modules/@react-native-firebase/messaging/android/src/main/AndroidManifest.xml:20:7-30
26            android:permission="com.google.android.c2dm.permission.SEND" >
26-->/home/boniface/project/BiblePABMobile/node_modules/@react-native-firebase/messaging/android/src/main/AndroidManifest.xml:21:7-67
27            <intent-filter>
27-->/home/boniface/project/BiblePABMobile/node_modules/@react-native-firebase/messaging/android/src/main/AndroidManifest.xml:22:7-24:23
28                <action android:name="com.google.android.c2dm.intent.RECEIVE" />
28-->/home/boniface/project/BiblePABMobile/node_modules/@react-native-firebase/messaging/android/src/main/AndroidManifest.xml:23:9-73
28-->/home/boniface/project/BiblePABMobile/node_modules/@react-native-firebase/messaging/android/src/main/AndroidManifest.xml:23:17-70
29            </intent-filter>
30        </receiver>
31
32        <meta-data
33            android:name="delivery_metrics_exported_to_big_query_enabled"
33-->/home/boniface/project/BiblePABMobile/node_modules/@react-native-firebase/messaging/android/src/main/AndroidManifest.xml:28:7-69
34            android:value="false" />
34-->/home/boniface/project/BiblePABMobile/node_modules/@react-native-firebase/messaging/android/src/main/AndroidManifest.xml:29:7-66
35        <meta-data
36            android:name="firebase_messaging_auto_init_enabled"
36-->/home/boniface/project/BiblePABMobile/node_modules/@react-native-firebase/messaging/android/src/main/AndroidManifest.xml:31:7-58
37            android:value="true" />
37-->/home/boniface/project/BiblePABMobile/node_modules/@react-native-firebase/messaging/android/src/main/AndroidManifest.xml:32:7-53
38        <meta-data
39            android:name="firebase_messaging_notification_delegation_enabled"
39-->/home/boniface/project/BiblePABMobile/node_modules/@react-native-firebase/messaging/android/src/main/AndroidManifest.xml:34:7-72
40            android:value="false" />
40-->/home/boniface/project/BiblePABMobile/node_modules/@react-native-firebase/messaging/android/src/main/AndroidManifest.xml:35:7-67
41        <meta-data
42            android:name="com.google.firebase.messaging.default_notification_channel_id"
42-->/home/boniface/project/BiblePABMobile/node_modules/@react-native-firebase/messaging/android/src/main/AndroidManifest.xml:37:7-83
43            android:value="" />
43-->/home/boniface/project/BiblePABMobile/node_modules/@react-native-firebase/messaging/android/src/main/AndroidManifest.xml:38:7-59
44        <meta-data
45            android:name="com.google.firebase.messaging.default_notification_color"
45-->/home/boniface/project/BiblePABMobile/node_modules/@react-native-firebase/messaging/android/src/main/AndroidManifest.xml:40:7-78
46            android:resource="@color/white" />
46-->/home/boniface/project/BiblePABMobile/node_modules/@react-native-firebase/messaging/android/src/main/AndroidManifest.xml:41:7-58
47    </application>
48
49</manifest>

Merged manifest saved to /home/boniface/project/BiblePABMobile/node_modules/@react-native-firebase/messaging/android/build/intermediates/merged_manifest/debug/processDebugManifest/AndroidManifest.xml

> Task :react-native-gesture-handler:processDebugManifest
Caching disabled for task ':react-native-gesture-handler:processDebugManifest' because:
  Build cache is disabled
Task ':react-native-gesture-handler:processDebugManifest' is not up-to-date because:
  No history is available.
Merging main manifest /home/boniface/project/BiblePABMobile/node_modules/react-native-gesture-handler/android/src/main/AndroidManifest.xml

Merging result: SUCCESS
1<?xml version="1.0" encoding="utf-8"?>
2<manifest xmlns:android="http://schemas.android.com/apk/res/android"
3    package="com.swmansion.gesturehandler" >
4
5    <uses-sdk android:minSdkVersion="24" />
6
7</manifest>

Merged manifest saved to /home/boniface/project/BiblePABMobile/node_modules/react-native-gesture-handler/android/build/intermediates/merged_manifest/debug/processDebugManifest/AndroidManifest.xml

> Task :react-native-linear-gradient:extractDeepLinksDebug
Caching disabled for task ':react-native-linear-gradient:extractDeepLinksDebug' because:
  Build cache is disabled
Task ':react-native-linear-gradient:extractDeepLinksDebug' is not up-to-date because:
  No history is available.
work action resolve navigation.json (project :react-native-linear-gradient) (Thread[Execution worker Thread 2,5,main]) started.
work action resolve AndroidManifest.xml (project :react-native-firebase_messaging) (Thread[Execution worker Thread 2,5,main]) started.
work action resolve AndroidManifest.xml (project :react-native-gesture-handler) (Thread[Execution worker Thread 2,5,main]) started.
Resolve mutations for :react-native-linear-gradient:processDebugManifest (Thread[Execution worker Thread 2,5,main]) started.
:react-native-linear-gradient:processDebugManifest (Thread[Execution worker Thread 2,5,main]) started.
Resolve mutations for :react-native-masked-view_masked-view:extractDeepLinksDebug (Thread[included builds,5,main]) started.
:react-native-masked-view_masked-view:extractDeepLinksDebug (Thread[included builds,5,main]) started.

> Task :react-native-linear-gradient:processDebugManifest
Caching disabled for task ':react-native-linear-gradient:processDebugManifest' because:
  Build cache is disabled
Task ':react-native-linear-gradient:processDebugManifest' is not up-to-date because:
  No history is available.
package="com.BV.LinearGradient" found in source AndroidManifest.xml: /home/boniface/project/BiblePABMobile/node_modules/react-native-linear-gradient/android/src/main/AndroidManifest.xml.
Setting the namespace via the package attribute in the source AndroidManifest.xml is no longer supported, and the value is ignored.
Recommendation: remove package="com.BV.LinearGradient" from the source AndroidManifest.xml: /home/boniface/project/BiblePABMobile/node_modules/react-native-linear-gradient/android/src/main/AndroidManifest.xml.
Merging main manifest /home/boniface/project/BiblePABMobile/node_modules/react-native-linear-gradient/android/src/main/AndroidManifest.xml

Merging result: SUCCESS
1<?xml version="1.0" encoding="utf-8"?>
2<manifest xmlns:android="http://schemas.android.com/apk/res/android"
3    package="com.BV.LinearGradient" >
4
5    <uses-sdk android:minSdkVersion="24" />
6
7</manifest>

Merged manifest saved to /home/boniface/project/BiblePABMobile/node_modules/react-native-linear-gradient/android/build/intermediates/merged_manifest/debug/processDebugManifest/AndroidManifest.xml

> Task :react-native-masked-view_masked-view:extractDeepLinksDebug
Caching disabled for task ':react-native-masked-view_masked-view:extractDeepLinksDebug' because:
  Build cache is disabled
Task ':react-native-masked-view_masked-view:extractDeepLinksDebug' is not up-to-date because:
  No history is available.
work action resolve navigation.json (project :react-native-masked-view_masked-view) (Thread[included builds,5,main]) started.
work action resolve AndroidManifest.xml (project :react-native-linear-gradient) (Thread[Execution worker Thread 2,5,main]) started.
Resolve mutations for :react-native-masked-view_masked-view:processDebugManifest (Thread[Execution worker Thread 2,5,main]) started.
:react-native-masked-view_masked-view:processDebugManifest (Thread[Execution worker Thread 2,5,main]) started.
Resolve mutations for :react-native-permissions:extractDeepLinksDebug (Thread[included builds,5,main]) started.
:react-native-permissions:extractDeepLinksDebug (Thread[included builds,5,main]) started.

> Task :react-native-permissions:extractDeepLinksDebug
Caching disabled for task ':react-native-permissions:extractDeepLinksDebug' because:
  Build cache is disabled
Task ':react-native-permissions:extractDeepLinksDebug' is not up-to-date because:
  No history is available.
work action resolve navigation.json (project :react-native-permissions) (Thread[included builds,5,main]) started.
Resolve mutations for :react-native-permissions:processDebugManifest (Thread[included builds,5,main]) started.
:react-native-permissions:processDebugManifest (Thread[included builds,5,main]) started.
Resolve mutations for :react-native-reanimated:extractDeepLinksDebug (Thread[Execution worker,5,main]) started.
:react-native-reanimated:extractDeepLinksDebug (Thread[Execution worker,5,main]) started.

> Task :react-native-reanimated:extractDeepLinksDebug
Caching disabled for task ':react-native-reanimated:extractDeepLinksDebug' because:
  Build cache is disabled
Task ':react-native-reanimated:extractDeepLinksDebug' is not up-to-date because:
  No history is available.
work action resolve navigation.json (project :react-native-reanimated) (Thread[Execution worker,5,main]) started.
Resolve mutations for :react-native-reanimated:processDebugManifest (Thread[Execution worker,5,main]) started.
:react-native-reanimated:processDebugManifest (Thread[Execution worker,5,main]) started.

> Task :react-native-permissions:processDebugManifest
Caching disabled for task ':react-native-permissions:processDebugManifest' because:
  Build cache is disabled
Task ':react-native-permissions:processDebugManifest' is not up-to-date because:
  No history is available.
Merging main manifest /home/boniface/project/BiblePABMobile/node_modules/react-native-permissions/android/src/main/AndroidManifestNew.xml

Merging result: SUCCESS
1<?xml version="1.0" encoding="utf-8"?>
2<manifest xmlns:android="http://schemas.android.com/apk/res/android"
3    package="com.zoontek.rnpermissions" >
4
5    <uses-sdk android:minSdkVersion="24" />
6
7</manifest>

Merged manifest saved to /home/boniface/project/BiblePABMobile/node_modules/react-native-permissions/android/build/intermediates/merged_manifest/debug/processDebugManifest/AndroidManifest.xml
work action resolve AndroidManifest.xml (project :react-native-permissions) (Thread[included builds,5,main]) started.
Resolve mutations for :react-native-safe-area-context:extractDeepLinksDebug (Thread[included builds,5,main]) started.
:react-native-safe-area-context:extractDeepLinksDebug (Thread[included builds,5,main]) started.

> Task :react-native-masked-view_masked-view:processDebugManifest
Caching disabled for task ':react-native-masked-view_masked-view:processDebugManifest' because:
  Build cache is disabled
Task ':react-native-masked-view_masked-view:processDebugManifest' is not up-to-date because:
  No history is available.
Merging main manifest /home/boniface/project/BiblePABMobile/node_modules/@react-native-masked-view/masked-view/android/src/main/AndroidManifest.xml

Merging result: SUCCESS
1<?xml version="1.0" encoding="utf-8"?>
2<manifest xmlns:android="http://schemas.android.com/apk/res/android"
3    package="org.reactnative.maskedview" >
4
5    <uses-sdk android:minSdkVersion="24" />
6
7</manifest>

Merged manifest saved to /home/boniface/project/BiblePABMobile/node_modules/@react-native-masked-view/masked-view/android/build/intermediates/merged_manifest/debug/processDebugManifest/AndroidManifest.xml

> Task :react-native-safe-area-context:extractDeepLinksDebug
Caching disabled for task ':react-native-safe-area-context:extractDeepLinksDebug' because:
  Build cache is disabled
Task ':react-native-safe-area-context:extractDeepLinksDebug' is not up-to-date because:
  No history is available.
work action resolve navigation.json (project :react-native-safe-area-context) (Thread[included builds,5,main]) started.
work action resolve AndroidManifest.xml (project :react-native-masked-view_masked-view) (Thread[included builds,5,main]) started.
Resolve mutations for :react-native-safe-area-context:processDebugManifest (Thread[included builds,5,main]) started.

> Task :react-native-reanimated:processDebugManifest
Caching disabled for task ':react-native-reanimated:processDebugManifest' because:
  Build cache is disabled
Task ':react-native-reanimated:processDebugManifest' is not up-to-date because:
  No history is available.
Merging main manifest /home/boniface/project/BiblePABMobile/node_modules/react-native-reanimated/android/src/main/AndroidManifest.xml

Merging result: SUCCESS
1<?xml version="1.0" encoding="utf-8"?>
2<manifest xmlns:android="http://schemas.android.com/apk/res/android"
3    package="com.swmansion.reanimated" >
4
5    <uses-sdk android:minSdkVersion="24" />
6
7</manifest>

Merged manifest saved to /home/boniface/project/BiblePABMobile/node_modules/react-native-reanimated/android/build/intermediates/merged_manifest/debug/processDebugManifest/AndroidManifest.xml
work action resolve AndroidManifest.xml (project :react-native-reanimated) (Thread[Execution worker,5,main]) started.
:react-native-safe-area-context:processDebugManifest (Thread[Execution worker,5,main]) started.
Resolve mutations for :react-native-screens:extractDeepLinksDebug (Thread[included builds,5,main]) started.
:react-native-screens:extractDeepLinksDebug (Thread[included builds,5,main]) started.

> Task :react-native-safe-area-context:processDebugManifest
Caching disabled for task ':react-native-safe-area-context:processDebugManifest' because:
  Build cache is disabled
Task ':react-native-safe-area-context:processDebugManifest' is not up-to-date because:
  No history is available.
package="com.th3rdwave.safeareacontext" found in source AndroidManifest.xml: /home/boniface/project/BiblePABMobile/node_modules/react-native-safe-area-context/android/src/main/AndroidManifest.xml.
Setting the namespace via the package attribute in the source AndroidManifest.xml is no longer supported, and the value is ignored.
Recommendation: remove package="com.th3rdwave.safeareacontext" from the source AndroidManifest.xml: /home/boniface/project/BiblePABMobile/node_modules/react-native-safe-area-context/android/src/main/AndroidManifest.xml.
Merging main manifest /home/boniface/project/BiblePABMobile/node_modules/react-native-safe-area-context/android/src/main/AndroidManifest.xml

Merging result: SUCCESS
1<?xml version="1.0" encoding="utf-8"?>
2<manifest xmlns:android="http://schemas.android.com/apk/res/android"
3    package="com.th3rdwave.safeareacontext" >
4
5    <uses-sdk android:minSdkVersion="24" />
6
7</manifest>

Merged manifest saved to /home/boniface/project/BiblePABMobile/node_modules/react-native-safe-area-context/android/build/intermediates/merged_manifest/debug/processDebugManifest/AndroidManifest.xml

> Task :react-native-screens:extractDeepLinksDebug
Caching disabled for task ':react-native-screens:extractDeepLinksDebug' because:
  Build cache is disabled
Task ':react-native-screens:extractDeepLinksDebug' is not up-to-date because:
  No history is available.
work action resolve navigation.json (project :react-native-screens) (Thread[Execution worker,5,main]) started.
work action resolve AndroidManifest.xml (project :react-native-safe-area-context) (Thread[Execution worker,5,main]) started.
Resolve mutations for :react-native-screens:processDebugManifest (Thread[Execution worker,5,main]) started.
:react-native-screens:processDebugManifest (Thread[Execution worker,5,main]) started.
Resolve mutations for :react-native-svg:extractDeepLinksDebug (Thread[included builds,5,main]) started.
:react-native-svg:extractDeepLinksDebug (Thread[included builds,5,main]) started.

> Task :react-native-svg:extractDeepLinksDebug
Caching disabled for task ':react-native-svg:extractDeepLinksDebug' because:
  Build cache is disabled
Task ':react-native-svg:extractDeepLinksDebug' is not up-to-date because:
  No history is available.
work action resolve navigation.json (project :react-native-svg) (Thread[Execution worker Thread 2,5,main]) started.
Resolve mutations for :react-native-svg:processDebugManifest (Thread[Execution worker Thread 2,5,main]) started.
:react-native-svg:processDebugManifest (Thread[Execution worker Thread 2,5,main]) started.
Resolve mutations for :react-native-tts:extractDeepLinksDebug (Thread[included builds,5,main]) started.
:react-native-tts:extractDeepLinksDebug (Thread[included builds,5,main]) started.

> Task :app:mergeDebugResources
Compiling XML table /home/boniface/project/BiblePABMobile/android/app/build/intermediates/incremental/debug/mergeDebugResources/merged.dir/values-pt/values-pt.xml to /home/boniface/project/BiblePABMobile/android/app/build/intermediates/merged_res/debug/mergeDebugResources/values-pt_values-pt.arsc.flat
Compiling XML table /home/boniface/project/BiblePABMobile/android/app/build/intermediates/incremental/debug/mergeDebugResources/merged.dir/values-hi/values-hi.xml to /home/boniface/project/BiblePABMobile/android/app/build/intermediates/merged_res/debug/mergeDebugResources/values-hi_values-hi.arsc.flat
Compiling XML table /home/boniface/project/BiblePABMobile/android/app/build/intermediates/incremental/debug/mergeDebugResources/merged.dir/values/values.xml to /home/boniface/project/BiblePABMobile/android/app/build/intermediates/merged_res/debug/mergeDebugResources/values_values.arsc.flat
Compiling XML table /home/boniface/project/BiblePABMobile/android/app/build/intermediates/incremental/debug/mergeDebugResources/merged.dir/values-watch-v21/values-watch-v21.xml to /home/boniface/project/BiblePABMobile/android/app/build/intermediates/merged_res/debug/mergeDebugResources/values-watch-v21_values-watch-v21.arsc.flat
Compiling XML table /home/boniface/project/BiblePABMobile/android/app/build/intermediates/incremental/debug/mergeDebugResources/merged.dir/values-hy/values-hy.xml to /home/boniface/project/BiblePABMobile/android/app/build/intermediates/merged_res/debug/mergeDebugResources/values-hy_values-hy.arsc.flat
Compiling XML table /home/boniface/project/BiblePABMobile/android/app/build/intermediates/incremental/debug/mergeDebugResources/merged.dir/values-hu/values-hu.xml to /home/boniface/project/BiblePABMobile/android/app/build/intermediates/merged_res/debug/mergeDebugResources/values-hu_values-hu.arsc.flat
Compiling XML table /home/boniface/project/BiblePABMobile/android/app/build/intermediates/incremental/debug/mergeDebugResources/merged.dir/values-hr/values-hr.xml to /home/boniface/project/BiblePABMobile/android/app/build/intermediates/merged_res/debug/mergeDebugResources/values-hr_values-hr.arsc.flat
Compiling XML table /home/boniface/project/BiblePABMobile/android/app/build/intermediates/incremental/debug/mergeDebugResources/merged.dir/values-v16/values-v16.xml to /home/boniface/project/BiblePABMobile/android/app/build/intermediates/merged_res/debug/mergeDebugResources/values-v16_values-v16.arsc.flat
Compiling XML table /home/boniface/project/BiblePABMobile/android/app/build/intermediates/incremental/debug/mergeDebugResources/merged.dir/values-w360dp-port-v13/values-w360dp-port-v13.xml to /home/boniface/project/BiblePABMobile/android/app/build/intermediates/merged_res/debug/mergeDebugResources/values-w360dp-port-v13_values-w360dp-port-v13.arsc.flat
Compiling XML table /home/boniface/project/BiblePABMobile/android/app/build/intermediates/incremental/debug/mergeDebugResources/merged.dir/values-v18/values-v18.xml to /home/boniface/project/BiblePABMobile/android/app/build/intermediates/merged_res/debug/mergeDebugResources/values-v18_values-v18.arsc.flat
Compiling XML table /home/boniface/project/BiblePABMobile/android/app/build/intermediates/incremental/debug/mergeDebugResources/merged.dir/values-h480dp-v13/values-h480dp-v13.xml to /home/boniface/project/BiblePABMobile/android/app/build/intermediates/merged_res/debug/mergeDebugResources/values-h480dp-v13_values-h480dp-v13.arsc.flat
Compiling XML table /home/boniface/project/BiblePABMobile/android/app/build/intermediates/incremental/debug/mergeDebugResources/merged.dir/values-af/values-af.xml to /home/boniface/project/BiblePABMobile/android/app/build/intermediates/merged_res/debug/mergeDebugResources/values-af_values-af.arsc.flat
Compiling XML table /home/boniface/project/BiblePABMobile/android/app/build/intermediates/incremental/debug/mergeDebugResources/merged.dir/values-zh-rHK/values-zh-rHK.xml to /home/boniface/project/BiblePABMobile/android/app/build/intermediates/merged_res/debug/mergeDebugResources/values-zh-rHK_values-zh-rHK.arsc.flat
Compiling XML table /home/boniface/project/BiblePABMobile/android/app/build/intermediates/incremental/debug/mergeDebugResources/merged.dir/values-ldltr-v21/values-ldltr-v21.xml to /home/boniface/project/BiblePABMobile/android/app/build/intermediates/merged_res/debug/mergeDebugResources/values-ldltr-v21_values-ldltr-v21.arsc.flat
Compiling XML table /home/boniface/project/BiblePABMobile/android/app/build/intermediates/incremental/debug/mergeDebugResources/merged.dir/values-w320dp-land-v13/values-w320dp-land-v13.xml to /home/boniface/project/BiblePABMobile/android/app/build/intermediates/merged_res/debug/mergeDebugResources/values-w320dp-land-v13_values-w320dp-land-v13.arsc.flat
Compiling XML table /home/boniface/project/BiblePABMobile/android/app/build/intermediates/incremental/debug/mergeDebugResources/merged.dir/values-am/values-am.xml to /home/boniface/project/BiblePABMobile/android/app/build/intermediates/merged_res/debug/mergeDebugResources/values-am_values-am.arsc.flat
Compiling XML table /home/boniface/project/BiblePABMobile/android/app/build/intermediates/incremental/debug/mergeDebugResources/merged.dir/values-as/values-as.xml to /home/boniface/project/BiblePABMobile/android/app/build/intermediates/merged_res/debug/mergeDebugResources/values-as_values-as.arsc.flat
Compiling XML table /home/boniface/project/BiblePABMobile/android/app/build/intermediates/incremental/debug/mergeDebugResources/merged.dir/values-iw/values-iw.xml to /home/boniface/project/BiblePABMobile/android/app/build/intermediates/merged_res/debug/mergeDebugResources/values-iw_values-iw.arsc.flat
Compiling XML table /home/boniface/project/BiblePABMobile/android/app/build/intermediates/incremental/debug/mergeDebugResources/merged.dir/values-is/values-is.xml to /home/boniface/project/BiblePABMobile/android/app/build/intermediates/merged_res/debug/mergeDebugResources/values-is_values-is.arsc.flat
Compiling XML table /home/boniface/project/BiblePABMobile/android/app/build/intermediates/incremental/debug/mergeDebugResources/merged.dir/values-ja/values-ja.xml to /home/boniface/project/BiblePABMobile/android/app/build/intermediates/merged_res/debug/mergeDebugResources/values-ja_values-ja.arsc.flat
Compiling XML table /home/boniface/project/BiblePABMobile/android/app/build/intermediates/incremental/debug/mergeDebugResources/merged.dir/values-v21/values-v21.xml to /home/boniface/project/BiblePABMobile/android/app/build/intermediates/merged_res/debug/mergeDebugResources/values-v21_values-v21.arsc.flat
Compiling XML table /home/boniface/project/BiblePABMobile/android/app/build/intermediates/incremental/debug/mergeDebugResources/merged.dir/values-b+sr+Latn/values-b+sr+Latn.xml to /home/boniface/project/BiblePABMobile/android/app/build/intermediates/merged_res/debug/mergeDebugResources/values-b+sr+Latn_values-b+sr+Latn.arsc.flat
Compiling XML table /home/boniface/project/BiblePABMobile/android/app/build/intermediates/incremental/debug/mergeDebugResources/merged.dir/values-v24/values-v24.xml to /home/boniface/project/BiblePABMobile/android/app/build/intermediates/merged_res/debug/mergeDebugResources/values-v24_values-v24.arsc.flat
Compiling XML table /home/boniface/project/BiblePABMobile/android/app/build/intermediates/incremental/debug/mergeDebugResources/merged.dir/values-es-rUS/values-es-rUS.xml to /home/boniface/project/BiblePABMobile/android/app/build/intermediates/merged_res/debug/mergeDebugResources/values-es-rUS_values-es-rUS.arsc.flat
Compiling XML table /home/boniface/project/BiblePABMobile/android/app/build/intermediates/incremental/debug/mergeDebugResources/merged.dir/values-v26/values-v26.xml to /home/boniface/project/BiblePABMobile/android/app/build/intermediates/merged_res/debug/mergeDebugResources/values-v26_values-v26.arsc.flat
Compiling XML table /home/boniface/project/BiblePABMobile/android/app/build/intermediates/incremental/debug/mergeDebugResources/merged.dir/values-sw600dp-v13/values-sw600dp-v13.xml to /home/boniface/project/BiblePABMobile/android/app/build/intermediates/merged_res/debug/mergeDebugResources/values-sw600dp-v13_values-sw600dp-v13.arsc.flat
Compiling XML table /home/boniface/project/BiblePABMobile/android/app/build/intermediates/incremental/debug/mergeDebugResources/merged.dir/values-bn/values-bn.xml to /home/boniface/project/BiblePABMobile/android/app/build/intermediates/merged_res/debug/mergeDebugResources/values-bn_values-bn.arsc.flat
Compiling XML table /home/boniface/project/BiblePABMobile/android/app/build/intermediates/incremental/debug/mergeDebugResources/merged.dir/values-v22/values-v22.xml to /home/boniface/project/BiblePABMobile/android/app/build/intermediates/merged_res/debug/mergeDebugResources/values-v22_values-v22.arsc.flat
Compiling XML table /home/boniface/project/BiblePABMobile/android/app/build/intermediates/incremental/debug/mergeDebugResources/merged.dir/values-h360dp-land-v13/values-h360dp-land-v13.xml to /home/boniface/project/BiblePABMobile/android/app/build/intermediates/merged_res/debug/mergeDebugResources/values-h360dp-land-v13_values-h360dp-land-v13.arsc.flat
Compiling XML table /home/boniface/project/BiblePABMobile/android/app/build/intermediates/incremental/debug/mergeDebugResources/merged.dir/values-v25/values-v25.xml to /home/boniface/project/BiblePABMobile/android/app/build/intermediates/merged_res/debug/mergeDebugResources/values-v25_values-v25.arsc.flat
Compiling XML table /home/boniface/project/BiblePABMobile/android/app/build/intermediates/incremental/debug/mergeDebugResources/merged.dir/values-pt-rPT/values-pt-rPT.xml to /home/boniface/project/BiblePABMobile/android/app/build/intermediates/merged_res/debug/mergeDebugResources/values-pt-rPT_values-pt-rPT.arsc.flat
Compiling XML table /home/boniface/project/BiblePABMobile/android/app/build/intermediates/incremental/debug/mergeDebugResources/merged.dir/values-h480dp-land-v13/values-h480dp-land-v13.xml to /home/boniface/project/BiblePABMobile/android/app/build/intermediates/merged_res/debug/mergeDebugResources/values-h480dp-land-v13_values-h480dp-land-v13.arsc.flat
Compiling XML table /home/boniface/project/BiblePABMobile/android/app/build/intermediates/incremental/debug/mergeDebugResources/merged.dir/values-ru/values-ru.xml to /home/boniface/project/BiblePABMobile/android/app/build/intermediates/merged_res/debug/mergeDebugResources/values-ru_values-ru.arsc.flat
Compiling XML table /home/boniface/project/BiblePABMobile/android/app/build/intermediates/incremental/debug/mergeDebugResources/merged.dir/values-ka/values-ka.xml to /home/boniface/project/BiblePABMobile/android/app/build/intermediates/merged_res/debug/mergeDebugResources/values-ka_values-ka.arsc.flat
Compiling XML table /home/boniface/project/BiblePABMobile/android/app/build/intermediates/incremental/debug/mergeDebugResources/merged.dir/values-ro/values-ro.xml to /home/boniface/project/BiblePABMobile/android/app/build/intermediates/merged_res/debug/mergeDebugResources/values-ro_values-ro.arsc.flat
Compiling XML table /home/boniface/project/BiblePABMobile/android/app/build/intermediates/incremental/debug/mergeDebugResources/merged.dir/values-bs/values-bs.xml to /home/boniface/project/BiblePABMobile/android/app/build/intermediates/merged_res/debug/mergeDebugResources/values-bs_values-bs.arsc.flat
Compiling XML table /home/boniface/project/BiblePABMobile/android/app/build/intermediates/incremental/debug/mergeDebugResources/merged.dir/values-be/values-be.xml to /home/boniface/project/BiblePABMobile/android/app/build/intermediates/merged_res/debug/mergeDebugResources/values-be_values-be.arsc.flat
Compiling XML table /home/boniface/project/BiblePABMobile/android/app/build/intermediates/incremental/debug/mergeDebugResources/merged.dir/values-sl/values-sl.xml to /home/boniface/project/BiblePABMobile/android/app/build/intermediates/merged_res/debug/mergeDebugResources/values-sl_values-sl.arsc.flat
Compiling XML table /home/boniface/project/BiblePABMobile/android/app/build/intermediates/incremental/debug/mergeDebugResources/merged.dir/values-sr/values-sr.xml to /home/boniface/project/BiblePABMobile/android/app/build/intermediates/merged_res/debug/mergeDebugResources/values-sr_values-sr.arsc.flat
Compiling XML table /home/boniface/project/BiblePABMobile/android/app/build/intermediates/incremental/debug/mergeDebugResources/merged.dir/values-v34/values-v34.xml to /home/boniface/project/BiblePABMobile/android/app/build/intermediates/merged_res/debug/mergeDebugResources/values-v34_values-v34.arsc.flat
Compiling XML table /home/boniface/project/BiblePABMobile/android/app/build/intermediates/incremental/debug/mergeDebugResources/merged.dir/values-sv/values-sv.xml to /home/boniface/project/BiblePABMobile/android/app/build/intermediates/merged_res/debug/mergeDebugResources/values-sv_values-sv.arsc.flat
Compiling XML table /home/boniface/project/BiblePABMobile/android/app/build/intermediates/incremental/debug/mergeDebugResources/merged.dir/values-ky/values-ky.xml to /home/boniface/project/BiblePABMobile/android/app/build/intermediates/merged_res/debug/mergeDebugResources/values-ky_values-ky.arsc.flat
Compiling XML table /home/boniface/project/BiblePABMobile/android/app/build/intermediates/incremental/debug/mergeDebugResources/merged.dir/values-v35/values-v35.xml to /home/boniface/project/BiblePABMobile/android/app/build/intermediates/merged_res/debug/mergeDebugResources/values-v35_values-v35.arsc.flat
Compiling XML table /home/boniface/project/BiblePABMobile/android/app/build/intermediates/incremental/debug/mergeDebugResources/merged.dir/values-kk/values-kk.xml to /home/boniface/project/BiblePABMobile/android/app/build/intermediates/merged_res/debug/mergeDebugResources/values-kk_values-kk.arsc.flat
Compiling XML table /home/boniface/project/BiblePABMobile/android/app/build/intermediates/incremental/debug/mergeDebugResources/merged.dir/values-en-rCA/values-en-rCA.xml to /home/boniface/project/BiblePABMobile/android/app/build/intermediates/merged_res/debug/mergeDebugResources/values-en-rCA_values-en-rCA.arsc.flat
Compiling XML table /home/boniface/project/BiblePABMobile/android/app/build/intermediates/incremental/debug/mergeDebugResources/merged.dir/values-te/values-te.xml to /home/boniface/project/BiblePABMobile/android/app/build/intermediates/merged_res/debug/mergeDebugResources/values-te_values-te.arsc.flat
Compiling XML table /home/boniface/project/BiblePABMobile/android/app/build/intermediates/incremental/debug/mergeDebugResources/merged.dir/values-si/values-si.xml to /home/boniface/project/BiblePABMobile/android/app/build/intermediates/merged_res/debug/mergeDebugResources/values-si_values-si.arsc.flat
Compiling XML table /home/boniface/project/BiblePABMobile/android/app/build/intermediates/incremental/debug/mergeDebugResources/merged.dir/values-da/values-da.xml to /home/boniface/project/BiblePABMobile/android/app/build/intermediates/merged_res/debug/mergeDebugResources/values-da_values-da.arsc.flat
Compiling XML table /home/boniface/project/BiblePABMobile/android/app/build/intermediates/incremental/debug/mergeDebugResources/merged.dir/values-sw/values-sw.xml to /home/boniface/project/BiblePABMobile/android/app/build/intermediates/merged_res/debug/mergeDebugResources/values-sw_values-sw.arsc.flat
Compiling XML table /home/boniface/project/BiblePABMobile/android/app/build/intermediates/incremental/debug/mergeDebugResources/merged.dir/values-lo/values-lo.xml to /home/boniface/project/BiblePABMobile/android/app/build/intermediates/merged_res/debug/mergeDebugResources/values-lo_values-lo.arsc.flat
Compiling XML table /home/boniface/project/BiblePABMobile/android/app/build/intermediates/incremental/debug/mergeDebugResources/merged.dir/values-h550dp-port-v13/values-h550dp-port-v13.xml to /home/boniface/project/BiblePABMobile/android/app/build/intermediates/merged_res/debug/mergeDebugResources/values-h550dp-port-v13_values-h550dp-port-v13.arsc.flat
Compiling XML table /home/boniface/project/BiblePABMobile/android/app/build/intermediates/incremental/debug/mergeDebugResources/merged.dir/values-mk/values-mk.xml to /home/boniface/project/BiblePABMobile/android/app/build/intermediates/merged_res/debug/mergeDebugResources/values-mk_values-mk.arsc.flat
Compiling XML table /home/boniface/project/BiblePABMobile/android/app/build/intermediates/incremental/debug/mergeDebugResources/merged.dir/values-ca/values-ca.xml to /home/boniface/project/BiblePABMobile/android/app/build/intermediates/merged_res/debug/mergeDebugResources/values-ca_values-ca.arsc.flat
Compiling XML table /home/boniface/project/BiblePABMobile/android/app/build/intermediates/incremental/debug/mergeDebugResources/merged.dir/values-pt-rBR/values-pt-rBR.xml to /home/boniface/project/BiblePABMobile/android/app/build/intermediates/merged_res/debug/mergeDebugResources/values-pt-rBR_values-pt-rBR.arsc.flat
Compiling XML table /home/boniface/project/BiblePABMobile/android/app/build/intermediates/incremental/debug/mergeDebugResources/merged.dir/values-uz/values-uz.xml to /home/boniface/project/BiblePABMobile/android/app/build/intermediates/merged_res/debug/mergeDebugResources/values-uz_values-uz.arsc.flat
Compiling XML table /home/boniface/project/BiblePABMobile/android/app/build/intermediates/incremental/debug/mergeDebugResources/merged.dir/values-zh-rTW/values-zh-rTW.xml to /home/boniface/project/BiblePABMobile/android/app/build/intermediates/merged_res/debug/mergeDebugResources/values-zh-rTW_values-zh-rTW.arsc.flat
Compiling XML table /home/boniface/project/BiblePABMobile/android/app/build/intermediates/incremental/debug/mergeDebugResources/merged.dir/values-th/values-th.xml to /home/boniface/project/BiblePABMobile/android/app/build/intermediates/merged_res/debug/mergeDebugResources/values-th_values-th.arsc.flat
Compiling XML table /home/boniface/project/BiblePABMobile/android/app/build/intermediates/incremental/debug/mergeDebugResources/merged.dir/values-km/values-km.xml to /home/boniface/project/BiblePABMobile/android/app/build/intermediates/merged_res/debug/mergeDebugResources/values-km_values-km.arsc.flat
Compiling XML table /home/boniface/project/BiblePABMobile/android/app/build/intermediates/incremental/debug/mergeDebugResources/merged.dir/values-eu/values-eu.xml to /home/boniface/project/BiblePABMobile/android/app/build/intermediates/merged_res/debug/mergeDebugResources/values-eu_values-eu.arsc.flat
Compiling XML table /home/boniface/project/BiblePABMobile/android/app/build/intermediates/incremental/debug/mergeDebugResources/merged.dir/values-port/values-port.xml to /home/boniface/project/BiblePABMobile/android/app/build/intermediates/merged_res/debug/mergeDebugResources/values-port_values-port.arsc.flat
Compiling XML table /home/boniface/project/BiblePABMobile/android/app/build/intermediates/incremental/debug/mergeDebugResources/merged.dir/values-fa/values-fa.xml to /home/boniface/project/BiblePABMobile/android/app/build/intermediates/merged_res/debug/mergeDebugResources/values-fa_values-fa.arsc.flat
Compiling XML table /home/boniface/project/BiblePABMobile/android/app/build/intermediates/incremental/debug/mergeDebugResources/merged.dir/values-tr/values-tr.xml to /home/boniface/project/BiblePABMobile/android/app/build/intermediates/merged_res/debug/mergeDebugResources/values-tr_values-tr.arsc.flat
Compiling XML table /home/boniface/project/BiblePABMobile/android/app/build/intermediates/incremental/debug/mergeDebugResources/merged.dir/values-ko/values-ko.xml to /home/boniface/project/BiblePABMobile/android/app/build/intermediates/merged_res/debug/mergeDebugResources/values-ko_values-ko.arsc.flat
Compiling XML table /home/boniface/project/BiblePABMobile/android/app/build/intermediates/incremental/debug/mergeDebugResources/merged.dir/values-en-rXC/values-en-rXC.xml to /home/boniface/project/BiblePABMobile/android/app/build/intermediates/merged_res/debug/mergeDebugResources/values-en-rXC_values-en-rXC.arsc.flat
Compiling XML table /home/boniface/project/BiblePABMobile/android/app/build/intermediates/incremental/debug/mergeDebugResources/merged.dir/values-hdpi-v4/values-hdpi-v4.xml to /home/boniface/project/BiblePABMobile/android/app/build/intermediates/merged_res/debug/mergeDebugResources/values-hdpi-v4_values-hdpi-v4.arsc.flat
Compiling XML table /home/boniface/project/BiblePABMobile/android/app/build/intermediates/incremental/debug/mergeDebugResources/merged.dir/values-cs/values-cs.xml to /home/boniface/project/BiblePABMobile/android/app/build/intermediates/merged_res/debug/mergeDebugResources/values-cs_values-cs.arsc.flat
Compiling XML table /home/boniface/project/BiblePABMobile/android/app/build/intermediates/incremental/debug/mergeDebugResources/merged.dir/values-gl/values-gl.xml to /home/boniface/project/BiblePABMobile/android/app/build/intermediates/merged_res/debug/mergeDebugResources/values-gl_values-gl.arsc.flat
Compiling XML table /home/boniface/project/BiblePABMobile/android/app/build/intermediates/incremental/debug/mergeDebugResources/merged.dir/values-lt/values-lt.xml to /home/boniface/project/BiblePABMobile/android/app/build/intermediates/merged_res/debug/mergeDebugResources/values-lt_values-lt.arsc.flat
Compiling XML table /home/boniface/project/BiblePABMobile/android/app/build/intermediates/incremental/debug/mergeDebugResources/merged.dir/values-pl/values-pl.xml to /home/boniface/project/BiblePABMobile/android/app/build/intermediates/merged_res/debug/mergeDebugResources/values-pl_values-pl.arsc.flat
Compiling XML table /home/boniface/project/BiblePABMobile/android/app/build/intermediates/incremental/debug/mergeDebugResources/merged.dir/values-tl/values-tl.xml to /home/boniface/project/BiblePABMobile/android/app/build/intermediates/merged_res/debug/mergeDebugResources/values-tl_values-tl.arsc.flat
Compiling XML table /home/boniface/project/BiblePABMobile/android/app/build/intermediates/incremental/debug/mergeDebugResources/merged.dir/values-ldrtl-v17/values-ldrtl-v17.xml to /home/boniface/project/BiblePABMobile/android/app/build/intermediates/merged_res/debug/mergeDebugResources/values-ldrtl-v17_values-ldrtl-v17.arsc.flat
Compiling XML table /home/boniface/project/BiblePABMobile/android/app/build/intermediates/incremental/debug/mergeDebugResources/merged.dir/values-ml/values-ml.xml to /home/boniface/project/BiblePABMobile/android/app/build/intermediates/merged_res/debug/mergeDebugResources/values-ml_values-ml.arsc.flat
Compiling XML table /home/boniface/project/BiblePABMobile/android/app/build/intermediates/incremental/debug/mergeDebugResources/merged.dir/values-en-rAU/values-en-rAU.xml to /home/boniface/project/BiblePABMobile/android/app/build/intermediates/merged_res/debug/mergeDebugResources/values-en-rAU_values-en-rAU.arsc.flat
Compiling image file /home/boniface/project/BiblePABMobile/android/app/src/main/res/mipmap-xxhdpi/ic_launcher.png
Compiling file /home/boniface/project/BiblePABMobile/android/app/src/main/res/mipmap-xxhdpi/ic_launcher.png to /home/boniface/project/BiblePABMobile/android/app/build/intermediates/merged_res/debug/mergeDebugResources/mipmap-xxhdpi_ic_launcher.png.flat
Compiling XML table /home/boniface/project/BiblePABMobile/android/app/build/intermediates/incremental/debug/mergeDebugResources/merged.dir/values-lv/values-lv.xml to /home/boniface/project/BiblePABMobile/android/app/build/intermediates/merged_res/debug/mergeDebugResources/values-lv_values-lv.arsc.flat
Compiling XML table /home/boniface/project/BiblePABMobile/android/app/build/intermediates/incremental/debug/mergeDebugResources/merged.dir/values-fr-rCA/values-fr-rCA.xml to /home/boniface/project/BiblePABMobile/android/app/build/intermediates/merged_res/debug/mergeDebugResources/values-fr-rCA_values-fr-rCA.arsc.flat
Compiling XML table /home/boniface/project/BiblePABMobile/android/app/build/intermediates/incremental/debug/mergeDebugResources/merged.dir/values-my/values-my.xml to /home/boniface/project/BiblePABMobile/android/app/build/intermediates/merged_res/debug/mergeDebugResources/values-my_values-my.arsc.flat
Compiling xml file /home/boniface/project/BiblePABMobile/android/app/src/main/res/drawable/rn_edit_text_material.xml to /home/boniface/project/BiblePABMobile/android/app/build/intermediates/merged_res/debug/mergeDebugResources/drawable_rn_edit_text_material.xml.flat
Compiling XML table /home/boniface/project/BiblePABMobile/android/app/build/intermediates/incremental/debug/mergeDebugResources/merged.dir/values-uk/values-uk.xml to /home/boniface/project/BiblePABMobile/android/app/build/intermediates/merged_res/debug/mergeDebugResources/values-uk_values-uk.arsc.flat
Compiling XML table /home/boniface/project/BiblePABMobile/android/app/build/intermediates/incremental/debug/mergeDebugResources/merged.dir/values-vi/values-vi.xml to /home/boniface/project/BiblePABMobile/android/app/build/intermediates/merged_res/debug/mergeDebugResources/values-vi_values-vi.arsc.flat
Compiling XML table /home/boniface/project/BiblePABMobile/android/app/build/intermediates/incremental/debug/mergeDebugResources/merged.dir/values-mn/values-mn.xml to /home/boniface/project/BiblePABMobile/android/app/build/intermediates/merged_res/debug/mergeDebugResources/values-mn_values-mn.arsc.flat
Compiling XML table /home/boniface/project/BiblePABMobile/android/app/build/intermediates/incremental/debug/mergeDebugResources/merged.dir/values-w600dp-land-v13/values-w600dp-land-v13.xml to /home/boniface/project/BiblePABMobile/android/app/build/intermediates/merged_res/debug/mergeDebugResources/values-w600dp-land-v13_values-w600dp-land-v13.arsc.flat
Compiling XML table /home/boniface/project/BiblePABMobile/android/app/build/intermediates/incremental/debug/mergeDebugResources/merged.dir/values-nl/values-nl.xml to /home/boniface/project/BiblePABMobile/android/app/build/intermediates/merged_res/debug/mergeDebugResources/values-nl_values-nl.arsc.flat
Compiling XML table /home/boniface/project/BiblePABMobile/android/app/build/intermediates/incremental/debug/mergeDebugResources/merged.dir/values-es-rES/values-es-rES.xml to /home/boniface/project/BiblePABMobile/android/app/build/intermediates/merged_res/debug/mergeDebugResources/values-es-rES_values-es-rES.arsc.flat
Compiling XML table /home/boniface/project/BiblePABMobile/android/app/build/intermediates/incremental/debug/mergeDebugResources/merged.dir/values-en-rGB/values-en-rGB.xml to /home/boniface/project/BiblePABMobile/android/app/build/intermediates/merged_res/debug/mergeDebugResources/values-en-rGB_values-en-rGB.arsc.flat
Compiling XML table /home/boniface/project/BiblePABMobile/android/app/build/intermediates/incremental/debug/mergeDebugResources/merged.dir/values-ms/values-ms.xml to /home/boniface/project/BiblePABMobile/android/app/build/intermediates/merged_res/debug/mergeDebugResources/values-ms_values-ms.arsc.flat
Compiling XML table /home/boniface/project/BiblePABMobile/android/app/build/intermediates/incremental/debug/mergeDebugResources/merged.dir/values-b+es+419/values-b+es+419.xml to /home/boniface/project/BiblePABMobile/android/app/build/intermediates/merged_res/debug/mergeDebugResources/values-b+es+419_values-b+es+419.arsc.flat
Compiling image file /home/boniface/project/BiblePABMobile/android/app/src/main/res/mipmap-mdpi/ic_launcher.png
Compiling file /home/boniface/project/BiblePABMobile/android/app/src/main/res/mipmap-mdpi/ic_launcher.png to /home/boniface/project/BiblePABMobile/android/app/build/intermediates/merged_res/debug/mergeDebugResources/mipmap-mdpi_ic_launcher.png.flat
Compiling image file /home/boniface/project/BiblePABMobile/android/app/src/main/res/mipmap-mdpi/ic_launcher_background.png
Compiling file /home/boniface/project/BiblePABMobile/android/app/src/main/res/mipmap-mdpi/ic_launcher_background.png to /home/boniface/project/BiblePABMobile/android/app/build/intermediates/merged_res/debug/mergeDebugResources/mipmap-mdpi_ic_launcher_background.png.flat
Compiling image file /home/boniface/project/BiblePABMobile/android/app/src/main/res/mipmap-hdpi/ic_launcher_background.png
Compiling file /home/boniface/project/BiblePABMobile/android/app/src/main/res/mipmap-hdpi/ic_launcher_background.png to /home/boniface/project/BiblePABMobile/android/app/build/intermediates/merged_res/debug/mergeDebugResources/mipmap-hdpi_ic_launcher_background.png.flat
Compiling image file /home/boniface/project/BiblePABMobile/android/app/src/main/res/mipmap-mdpi/ic_launcher_monochrome.png
Compiling file /home/boniface/project/BiblePABMobile/android/app/src/main/res/mipmap-mdpi/ic_launcher_monochrome.png to /home/boniface/project/BiblePABMobile/android/app/build/intermediates/merged_res/debug/mergeDebugResources/mipmap-mdpi_ic_launcher_monochrome.png.flat
Compiling image file /home/boniface/project/BiblePABMobile/android/app/src/main/res/mipmap-xhdpi/ic_launcher_round.png
Compiling file /home/boniface/project/BiblePABMobile/android/app/src/main/res/mipmap-xhdpi/ic_launcher_round.png to /home/boniface/project/BiblePABMobile/android/app/build/intermediates/merged_res/debug/mergeDebugResources/mipmap-xhdpi_ic_launcher_round.png.flat
Compiling image file /home/boniface/project/BiblePABMobile/android/app/src/main/res/mipmap-xxhdpi/ic_launcher_foreground.png
Compiling file /home/boniface/project/BiblePABMobile/android/app/src/main/res/mipmap-xxhdpi/ic_launcher_foreground.png to /home/boniface/project/BiblePABMobile/android/app/build/intermediates/merged_res/debug/mergeDebugResources/mipmap-xxhdpi_ic_launcher_foreground.png.flat
Compiling image file /home/boniface/project/BiblePABMobile/android/app/src/main/res/mipmap-hdpi/ic_launcher.png
Compiling file /home/boniface/project/BiblePABMobile/android/app/src/main/res/mipmap-hdpi/ic_launcher.png to /home/boniface/project/BiblePABMobile/android/app/build/intermediates/merged_res/debug/mergeDebugResources/mipmap-hdpi_ic_launcher.png.flat
Compiling image file /home/boniface/project/BiblePABMobile/android/app/src/main/res/mipmap-xhdpi/ic_launcher_monochrome.png
Compiling file /home/boniface/project/BiblePABMobile/android/app/src/main/res/mipmap-xhdpi/ic_launcher_monochrome.png to /home/boniface/project/BiblePABMobile/android/app/build/intermediates/merged_res/debug/mergeDebugResources/mipmap-xhdpi_ic_launcher_monochrome.png.flat
Compiling image file /home/boniface/project/BiblePABMobile/android/app/src/main/res/mipmap-ldpi/ic_launcher.png
Compiling file /home/boniface/project/BiblePABMobile/android/app/src/main/res/mipmap-ldpi/ic_launcher.png to /home/boniface/project/BiblePABMobile/android/app/build/intermediates/merged_res/debug/mergeDebugResources/mipmap-ldpi_ic_launcher.png.flat
Compiling xml file /home/boniface/project/BiblePABMobile/android/app/src/main/res/mipmap-anydpi-v26/ic_launcher.xml to /home/boniface/project/BiblePABMobile/android/app/build/intermediates/merged_res/debug/mergeDebugResources/mipmap-anydpi-v26_ic_launcher.xml.flat
Compiling XML table /home/boniface/project/BiblePABMobile/android/app/build/intermediates/incremental/debug/mergeDebugResources/merged.dir/values-es/values-es.xml to /home/boniface/project/BiblePABMobile/android/app/build/intermediates/merged_res/debug/mergeDebugResources/values-es_values-es.arsc.flat
Compiling image file /home/boniface/project/BiblePABMobile/android/app/src/main/res/mipmap-xhdpi/ic_launcher.png
Compiling file /home/boniface/project/BiblePABMobile/android/app/src/main/res/mipmap-xhdpi/ic_launcher.png to /home/boniface/project/BiblePABMobile/android/app/build/intermediates/merged_res/debug/mergeDebugResources/mipmap-xhdpi_ic_launcher.png.flat
Compiling image file /home/boniface/project/BiblePABMobile/android/app/src/main/res/mipmap-xxhdpi/ic_launcher_monochrome.png
Compiling file /home/boniface/project/BiblePABMobile/android/app/src/main/res/mipmap-xxhdpi/ic_launcher_monochrome.png to /home/boniface/project/BiblePABMobile/android/app/build/intermediates/merged_res/debug/mergeDebugResources/mipmap-xxhdpi_ic_launcher_monochrome.png.flat
Compiling image file /home/boniface/project/BiblePABMobile/android/app/src/main/res/mipmap-mdpi/ic_launcher_foreground.png
Compiling file /home/boniface/project/BiblePABMobile/android/app/src/main/res/mipmap-mdpi/ic_launcher_foreground.png to /home/boniface/project/BiblePABMobile/android/app/build/intermediates/merged_res/debug/mergeDebugResources/mipmap-mdpi_ic_launcher_foreground.png.flat
Compiling XML table /home/boniface/project/BiblePABMobile/android/app/build/intermediates/incremental/debug/mergeDebugResources/merged.dir/values-w400dp-port-v13/values-w400dp-port-v13.xml to /home/boniface/project/BiblePABMobile/android/app/build/intermediates/merged_res/debug/mergeDebugResources/values-w400dp-port-v13_values-w400dp-port-v13.arsc.flat
Compiling XML table /home/boniface/project/BiblePABMobile/android/app/build/intermediates/incremental/debug/mergeDebugResources/merged.dir/values-night-v8/values-night-v8.xml to /home/boniface/project/BiblePABMobile/android/app/build/intermediates/merged_res/debug/mergeDebugResources/values-night-v8_values-night-v8.arsc.flat
Compiling XML table /home/boniface/project/BiblePABMobile/android/app/build/intermediates/incremental/debug/mergeDebugResources/merged.dir/values-zh-rCN/values-zh-rCN.xml to /home/boniface/project/BiblePABMobile/android/app/build/intermediates/merged_res/debug/mergeDebugResources/values-zh-rCN_values-zh-rCN.arsc.flat
Compiling XML table /home/boniface/project/BiblePABMobile/android/app/build/intermediates/incremental/debug/mergeDebugResources/merged.dir/values-fr/values-fr.xml to /home/boniface/project/BiblePABMobile/android/app/build/intermediates/merged_res/debug/mergeDebugResources/values-fr_values-fr.arsc.flat
Compiling XML table /home/boniface/project/BiblePABMobile/android/app/build/intermediates/incremental/debug/mergeDebugResources/merged.dir/values-land/values-land.xml to /home/boniface/project/BiblePABMobile/android/app/build/intermediates/merged_res/debug/mergeDebugResources/values-land_values-land.arsc.flat
Compiling XML table /home/boniface/project/BiblePABMobile/android/app/build/intermediates/incremental/debug/mergeDebugResources/merged.dir/values-gu/values-gu.xml to /home/boniface/project/BiblePABMobile/android/app/build/intermediates/merged_res/debug/mergeDebugResources/values-gu_values-gu.arsc.flat
Compiling xml file /home/boniface/project/BiblePABMobile/android/app/src/main/res/xml/network_security_config.xml to /home/boniface/project/BiblePABMobile/android/app/build/intermediates/merged_res/debug/mergeDebugResources/xml_network_security_config.xml.flat
Compiling image file /home/boniface/project/BiblePABMobile/android/app/src/main/res/mipmap-mdpi/ic_launcher_round.png
Compiling file /home/boniface/project/BiblePABMobile/android/app/src/main/res/mipmap-mdpi/ic_launcher_round.png to /home/boniface/project/BiblePABMobile/android/app/build/intermediates/merged_res/debug/mergeDebugResources/mipmap-mdpi_ic_launcher_round.png.flat
Compiling image file /home/boniface/project/BiblePABMobile/android/app/src/main/res/mipmap-xxxhdpi/ic_launcher.png
Compiling file /home/boniface/project/BiblePABMobile/android/app/src/main/res/mipmap-xxxhdpi/ic_launcher.png to /home/boniface/project/BiblePABMobile/android/app/build/intermediates/merged_res/debug/mergeDebugResources/mipmap-xxxhdpi_ic_launcher.png.flat
Compiling xml file /home/boniface/project/BiblePABMobile/android/app/src/main/res/drawable/launch_screen.xml to /home/boniface/project/BiblePABMobile/android/app/build/intermediates/merged_res/debug/mergeDebugResources/drawable_launch_screen.xml.flat
Compiling image file /home/boniface/project/BiblePABMobile/android/app/src/main/res/mipmap-xxxhdpi/ic_launcher_monochrome.png
Compiling file /home/boniface/project/BiblePABMobile/android/app/src/main/res/mipmap-xxxhdpi/ic_launcher_monochrome.png to /home/boniface/project/BiblePABMobile/android/app/build/intermediates/merged_res/debug/mergeDebugResources/mipmap-xxxhdpi_ic_launcher_monochrome.png.flat
Compiling image file /home/boniface/project/BiblePABMobile/android/app/src/main/res/mipmap-hdpi/ic_launcher_foreground.png
Compiling file /home/boniface/project/BiblePABMobile/android/app/src/main/res/mipmap-hdpi/ic_launcher_foreground.png to /home/boniface/project/BiblePABMobile/android/app/build/intermediates/merged_res/debug/mergeDebugResources/mipmap-hdpi_ic_launcher_foreground.png.flat
Compiling image file /home/boniface/project/BiblePABMobile/android/app/src/main/res/mipmap-ldpi/ic_launcher_round.png
Compiling file /home/boniface/project/BiblePABMobile/android/app/src/main/res/mipmap-ldpi/ic_launcher_round.png to /home/boniface/project/BiblePABMobile/android/app/build/intermediates/merged_res/debug/mergeDebugResources/mipmap-ldpi_ic_launcher_round.png.flat
Compiling image file /home/boniface/project/BiblePABMobile/android/app/src/main/res/mipmap-xxhdpi/ic_launcher_round.png
Compiling file /home/boniface/project/BiblePABMobile/android/app/src/main/res/mipmap-xxhdpi/ic_launcher_round.png to /home/boniface/project/BiblePABMobile/android/app/build/intermediates/merged_res/debug/mergeDebugResources/mipmap-xxhdpi_ic_launcher_round.png.flat
Compiling XML table /home/boniface/project/BiblePABMobile/android/app/build/intermediates/incremental/debug/mergeDebugResources/merged.dir/values-watch-v20/values-watch-v20.xml to /home/boniface/project/BiblePABMobile/android/app/build/intermediates/merged_res/debug/mergeDebugResources/values-watch-v20_values-watch-v20.arsc.flat
Compiling XML table /home/boniface/project/BiblePABMobile/android/app/build/intermediates/incremental/debug/mergeDebugResources/merged.dir/values-h320dp-port-v13/values-h320dp-port-v13.xml to /home/boniface/project/BiblePABMobile/android/app/build/intermediates/merged_res/debug/mergeDebugResources/values-h320dp-port-v13_values-h320dp-port-v13.arsc.flat
Compiling XML table /home/boniface/project/BiblePABMobile/android/app/build/intermediates/incremental/debug/mergeDebugResources/merged.dir/values-v17/values-v17.xml to /home/boniface/project/BiblePABMobile/android/app/build/intermediates/merged_res/debug/mergeDebugResources/values-v17_values-v17.arsc.flat
Compiling XML table /home/boniface/project/BiblePABMobile/android/app/build/intermediates/incremental/debug/mergeDebugResources/merged.dir/values-in/values-in.xml to /home/boniface/project/BiblePABMobile/android/app/build/intermediates/merged_res/debug/mergeDebugResources/values-in_values-in.arsc.flat
Compiling XML table /home/boniface/project/BiblePABMobile/android/app/build/intermediates/incremental/debug/mergeDebugResources/merged.dir/values-it/values-it.xml to /home/boniface/project/BiblePABMobile/android/app/build/intermediates/merged_res/debug/mergeDebugResources/values-it_values-it.arsc.flat
Compiling XML table /home/boniface/project/BiblePABMobile/android/app/build/intermediates/incremental/debug/mergeDebugResources/merged.dir/values-ar/values-ar.xml to /home/boniface/project/BiblePABMobile/android/app/build/intermediates/merged_res/debug/mergeDebugResources/values-ar_values-ar.arsc.flat
Compiling XML table /home/boniface/project/BiblePABMobile/android/app/build/intermediates/incremental/debug/mergeDebugResources/merged.dir/values-v23/values-v23.xml to /home/boniface/project/BiblePABMobile/android/app/build/intermediates/merged_res/debug/mergeDebugResources/values-v23_values-v23.arsc.flat
Compiling XML table /home/boniface/project/BiblePABMobile/android/app/build/intermediates/incremental/debug/mergeDebugResources/merged.dir/values-az/values-az.xml to /home/boniface/project/BiblePABMobile/android/app/build/intermediates/merged_res/debug/mergeDebugResources/values-az_values-az.arsc.flat
Compiling XML table /home/boniface/project/BiblePABMobile/android/app/build/intermediates/incremental/debug/mergeDebugResources/merged.dir/values-zu/values-zu.xml to /home/boniface/project/BiblePABMobile/android/app/build/intermediates/merged_res/debug/mergeDebugResources/values-zu_values-zu.arsc.flat
Compiling XML table /home/boniface/project/BiblePABMobile/android/app/build/intermediates/incremental/debug/mergeDebugResources/merged.dir/values-v28/values-v28.xml to /home/boniface/project/BiblePABMobile/android/app/build/intermediates/merged_res/debug/mergeDebugResources/values-v28_values-v28.arsc.flat
Compiling XML table /home/boniface/project/BiblePABMobile/android/app/build/intermediates/incremental/debug/mergeDebugResources/merged.dir/values-bg/values-bg.xml to /home/boniface/project/BiblePABMobile/android/app/build/intermediates/merged_res/debug/mergeDebugResources/values-bg_values-bg.arsc.flat
Compiling XML table /home/boniface/project/BiblePABMobile/android/app/build/intermediates/incremental/debug/mergeDebugResources/merged.dir/values-v31/values-v31.xml to /home/boniface/project/BiblePABMobile/android/app/build/intermediates/merged_res/debug/mergeDebugResources/values-v31_values-v31.arsc.flat
Compiling XML table /home/boniface/project/BiblePABMobile/android/app/build/intermediates/incremental/debug/mergeDebugResources/merged.dir/values-sk/values-sk.xml to /home/boniface/project/BiblePABMobile/android/app/build/intermediates/merged_res/debug/mergeDebugResources/values-sk_values-sk.arsc.flat
Compiling XML table /home/boniface/project/BiblePABMobile/android/app/build/intermediates/incremental/debug/mergeDebugResources/merged.dir/values-sq/values-sq.xml to /home/boniface/project/BiblePABMobile/android/app/build/intermediates/merged_res/debug/mergeDebugResources/values-sq_values-sq.arsc.flat
Compiling XML table /home/boniface/project/BiblePABMobile/android/app/build/intermediates/incremental/debug/mergeDebugResources/merged.dir/values-kn/values-kn.xml to /home/boniface/project/BiblePABMobile/android/app/build/intermediates/merged_res/debug/mergeDebugResources/values-kn_values-kn.arsc.flat
Compiling XML table /home/boniface/project/BiblePABMobile/android/app/build/intermediates/incremental/debug/mergeDebugResources/merged.dir/values-ta/values-ta.xml to /home/boniface/project/BiblePABMobile/android/app/build/intermediates/merged_res/debug/mergeDebugResources/values-ta_values-ta.arsc.flat
Compiling XML table /home/boniface/project/BiblePABMobile/android/app/build/intermediates/incremental/debug/mergeDebugResources/merged.dir/values-h720dp-v13/values-h720dp-v13.xml to /home/boniface/project/BiblePABMobile/android/app/build/intermediates/merged_res/debug/mergeDebugResources/values-h720dp-v13_values-h720dp-v13.arsc.flat
Compiling XML table /home/boniface/project/BiblePABMobile/android/app/build/intermediates/incremental/debug/mergeDebugResources/merged.dir/values-xlarge-v4/values-xlarge-v4.xml to /home/boniface/project/BiblePABMobile/android/app/build/intermediates/merged_res/debug/mergeDebugResources/values-xlarge-v4_values-xlarge-v4.arsc.flat
Compiling XML table /home/boniface/project/BiblePABMobile/android/app/build/intermediates/incremental/debug/mergeDebugResources/merged.dir/values-de/values-de.xml to /home/boniface/project/BiblePABMobile/android/app/build/intermediates/merged_res/debug/mergeDebugResources/values-de_values-de.arsc.flat
Compiling XML table /home/boniface/project/BiblePABMobile/android/app/build/intermediates/incremental/debug/mergeDebugResources/merged.dir/values-en-rIN/values-en-rIN.xml to /home/boniface/project/BiblePABMobile/android/app/build/intermediates/merged_res/debug/mergeDebugResources/values-en-rIN_values-en-rIN.arsc.flat
Compiling XML table /home/boniface/project/BiblePABMobile/android/app/build/intermediates/incremental/debug/mergeDebugResources/merged.dir/values-ur/values-ur.xml to /home/boniface/project/BiblePABMobile/android/app/build/intermediates/merged_res/debug/mergeDebugResources/values-ur_values-ur.arsc.flat
Compiling XML table /home/boniface/project/BiblePABMobile/android/app/build/intermediates/incremental/debug/mergeDebugResources/merged.dir/values-mr/values-mr.xml to /home/boniface/project/BiblePABMobile/android/app/build/intermediates/merged_res/debug/mergeDebugResources/values-mr_values-mr.arsc.flat
Compiling XML table /home/boniface/project/BiblePABMobile/android/app/build/intermediates/incremental/debug/mergeDebugResources/merged.dir/values-el/values-el.xml to /home/boniface/project/BiblePABMobile/android/app/build/intermediates/merged_res/debug/mergeDebugResources/values-el_values-el.arsc.flat
Compiling XML table /home/boniface/project/BiblePABMobile/android/app/build/intermediates/incremental/debug/mergeDebugResources/merged.dir/values-et/values-et.xml to /home/boniface/project/BiblePABMobile/android/app/build/intermediates/merged_res/debug/mergeDebugResources/values-et_values-et.arsc.flat
Compiling XML table /home/boniface/project/BiblePABMobile/android/app/build/intermediates/incremental/debug/mergeDebugResources/merged.dir/values-nb/values-nb.xml to /home/boniface/project/BiblePABMobile/android/app/build/intermediates/merged_res/debug/mergeDebugResources/values-nb_values-nb.arsc.flat
Compiling XML table /home/boniface/project/BiblePABMobile/android/app/build/intermediates/incremental/debug/mergeDebugResources/merged.dir/values-ne/values-ne.xml to /home/boniface/project/BiblePABMobile/android/app/build/intermediates/merged_res/debug/mergeDebugResources/values-ne_values-ne.arsc.flat
Compiling XML table /home/boniface/project/BiblePABMobile/android/app/build/intermediates/incremental/debug/mergeDebugResources/merged.dir/values-fi/values-fi.xml to /home/boniface/project/BiblePABMobile/android/app/build/intermediates/merged_res/debug/mergeDebugResources/values-fi_values-fi.arsc.flat
Compiling XML table /home/boniface/project/BiblePABMobile/android/app/build/intermediates/incremental/debug/mergeDebugResources/merged.dir/values-large-v4/values-large-v4.xml to /home/boniface/project/BiblePABMobile/android/app/build/intermediates/merged_res/debug/mergeDebugResources/values-large-v4_values-large-v4.arsc.flat
Compiling XML table /home/boniface/project/BiblePABMobile/android/app/build/intermediates/incremental/debug/mergeDebugResources/merged.dir/values-or/values-or.xml to /home/boniface/project/BiblePABMobile/android/app/build/intermediates/merged_res/debug/mergeDebugResources/values-or_values-or.arsc.flat
Compiling XML table /home/boniface/project/BiblePABMobile/android/app/build/intermediates/incremental/debug/mergeDebugResources/merged.dir/values-pa/values-pa.xml to /home/boniface/project/BiblePABMobile/android/app/build/intermediates/merged_res/debug/mergeDebugResources/values-pa_values-pa.arsc.flat
Compiling image file /home/boniface/project/BiblePABMobile/android/app/src/main/res/mipmap-hdpi/ic_launcher_monochrome.png
Compiling file /home/boniface/project/BiblePABMobile/android/app/src/main/res/mipmap-hdpi/ic_launcher_monochrome.png to /home/boniface/project/BiblePABMobile/android/app/build/intermediates/merged_res/debug/mergeDebugResources/mipmap-hdpi_ic_launcher_monochrome.png.flat
Compiling image file /home/boniface/project/BiblePABMobile/android/app/src/main/res/mipmap-xhdpi/ic_launcher_background.png
Compiling file /home/boniface/project/BiblePABMobile/android/app/src/main/res/mipmap-xhdpi/ic_launcher_background.png to /home/boniface/project/BiblePABMobile/android/app/build/intermediates/merged_res/debug/mergeDebugResources/mipmap-xhdpi_ic_launcher_background.png.flat
Compiling image file /home/boniface/project/BiblePABMobile/android/app/src/main/res/mipmap-xxhdpi/ic_launcher_background.png
Compiling file /home/boniface/project/BiblePABMobile/android/app/src/main/res/mipmap-xxhdpi/ic_launcher_background.png to /home/boniface/project/BiblePABMobile/android/app/build/intermediates/merged_res/debug/mergeDebugResources/mipmap-xxhdpi_ic_launcher_background.png.flat
Compiling image file /home/boniface/project/BiblePABMobile/android/app/src/main/res/mipmap-xxxhdpi/ic_launcher_foreground.png
Compiling file /home/boniface/project/BiblePABMobile/android/app/src/main/res/mipmap-xxxhdpi/ic_launcher_foreground.png to /home/boniface/project/BiblePABMobile/android/app/build/intermediates/merged_res/debug/mergeDebugResources/mipmap-xxxhdpi_ic_launcher_foreground.png.flat
Compiling image file /home/boniface/project/BiblePABMobile/android/app/src/main/res/mipmap-xhdpi/ic_launcher_foreground.png
Compiling file /home/boniface/project/BiblePABMobile/android/app/src/main/res/mipmap-xhdpi/ic_launcher_foreground.png to /home/boniface/project/BiblePABMobile/android/app/build/intermediates/merged_res/debug/mergeDebugResources/mipmap-xhdpi_ic_launcher_foreground.png.flat
Compiling image file /home/boniface/project/BiblePABMobile/android/app/src/main/res/mipmap-hdpi/ic_launcher_round.png
Compiling file /home/boniface/project/BiblePABMobile/android/app/src/main/res/mipmap-hdpi/ic_launcher_round.png to /home/boniface/project/BiblePABMobile/android/app/build/intermediates/merged_res/debug/mergeDebugResources/mipmap-hdpi_ic_launcher_round.png.flat
Compiling image file /home/boniface/project/BiblePABMobile/android/app/src/main/res/mipmap-xxxhdpi/ic_launcher_background.png
Compiling file /home/boniface/project/BiblePABMobile/android/app/src/main/res/mipmap-xxxhdpi/ic_launcher_background.png to /home/boniface/project/BiblePABMobile/android/app/build/intermediates/merged_res/debug/mergeDebugResources/mipmap-xxxhdpi_ic_launcher_background.png.flat
Compiling image file /home/boniface/project/BiblePABMobile/android/app/src/main/res/mipmap-xxxhdpi/ic_launcher_round.png
Compiling file /home/boniface/project/BiblePABMobile/android/app/src/main/res/mipmap-xxxhdpi/ic_launcher_round.png to /home/boniface/project/BiblePABMobile/android/app/build/intermediates/merged_res/debug/mergeDebugResources/mipmap-xxxhdpi_ic_launcher_round.png.flat

> Task :react-native-tts:extractDeepLinksDebug
Caching disabled for task ':react-native-tts:extractDeepLinksDebug' because:
  Build cache is disabled
Task ':react-native-tts:extractDeepLinksDebug' is not up-to-date because:
  No history is available.
work action resolve navigation.json (project :react-native-tts) (Thread[included builds,5,main]) started.
Resolve mutations for :react-native-tts:processDebugManifest (Thread[included builds,5,main]) started.
:react-native-tts:processDebugManifest (Thread[included builds,5,main]) started.

> Task :react-native-screens:processDebugManifest
Caching disabled for task ':react-native-screens:processDebugManifest' because:
  Build cache is disabled
Task ':react-native-screens:processDebugManifest' is not up-to-date because:
  No history is available.
Merging main manifest /home/boniface/project/BiblePABMobile/node_modules/react-native-screens/android/src/main/AndroidManifest.xml

Merging result: SUCCESS
1<?xml version="1.0" encoding="utf-8"?>
2<manifest xmlns:android="http://schemas.android.com/apk/res/android"
3    package="com.swmansion.rnscreens" >
4
5    <uses-sdk android:minSdkVersion="24" />
6
7</manifest>

Merged manifest saved to /home/boniface/project/BiblePABMobile/node_modules/react-native-screens/android/build/intermediates/merged_manifest/debug/processDebugManifest/AndroidManifest.xml
work action resolve AndroidManifest.xml (project :react-native-screens) (Thread[Execution worker,5,main]) started.

> Task :react-native-svg:processDebugManifest
Caching disabled for task ':react-native-svg:processDebugManifest' because:
  Build cache is disabled
Task ':react-native-svg:processDebugManifest' is not up-to-date because:
  No history is available.
Merging main manifest /home/boniface/project/BiblePABMobile/node_modules/react-native-svg/android/src/main/AndroidManifest.xml

Merging result: SUCCESS
1<?xml version="1.0" encoding="utf-8"?>
2<manifest xmlns:android="http://schemas.android.com/apk/res/android"
3    package="com.horcrux.svg" >
4
5    <uses-sdk android:minSdkVersion="24" />
6
7</manifest>

Merged manifest saved to /home/boniface/project/BiblePABMobile/node_modules/react-native-svg/android/build/intermediates/merged_manifest/debug/processDebugManifest/AndroidManifest.xml
work action resolve AndroidManifest.xml (project :react-native-svg) (Thread[Execution worker Thread 2,5,main]) started.
Resolve mutations for :react-native-worklets:extractDeepLinksDebug (Thread[Execution worker Thread 2,5,main]) started.
:react-native-worklets:extractDeepLinksDebug (Thread[Execution worker Thread 2,5,main]) started.

> Task :react-native-tts:processDebugManifest
Caching disabled for task ':react-native-tts:processDebugManifest' because:
  Build cache is disabled
Task ':react-native-tts:processDebugManifest' is not up-to-date because:
  No history is available.
package="net.no_mad.tts" found in source AndroidManifest.xml: /home/boniface/project/BiblePABMobile/node_modules/react-native-tts/android/src/main/AndroidManifest.xml.
Setting the namespace via the package attribute in the source AndroidManifest.xml is no longer supported, and the value is ignored.
Recommendation: remove package="net.no_mad.tts" from the source AndroidManifest.xml: /home/boniface/project/BiblePABMobile/node_modules/react-native-tts/android/src/main/AndroidManifest.xml.
Merging main manifest /home/boniface/project/BiblePABMobile/node_modules/react-native-tts/android/src/main/AndroidManifest.xml

Merging result: SUCCESS
1<?xml version="1.0" encoding="utf-8"?>
2<manifest xmlns:android="http://schemas.android.com/apk/res/android"
3    package="net.no_mad.tts" >
4
5    <uses-sdk android:minSdkVersion="24" />
6
7</manifest>

Merged manifest saved to /home/boniface/project/BiblePABMobile/node_modules/react-native-tts/android/build/intermediates/merged_manifest/debug/processDebugManifest/AndroidManifest.xml

> Task :react-native-worklets:extractDeepLinksDebug
Caching disabled for task ':react-native-worklets:extractDeepLinksDebug' because:
  Build cache is disabled
Task ':react-native-worklets:extractDeepLinksDebug' is not up-to-date because:
  No history is available.
work action resolve navigation.json (project :react-native-worklets) (Thread[included builds,5,main]) started.
work action resolve AndroidManifest.xml (project :react-native-tts) (Thread[Execution worker,5,main]) started.
Resolve mutations for :react-native-worklets:processDebugManifest (Thread[Execution worker,5,main]) started.
:react-native-worklets:processDebugManifest (Thread[Execution worker,5,main]) started.
Resolve mutations for :notifee_react-native:compileDebugLibraryResources (Thread[included builds,5,main]) started.
:notifee_react-native:compileDebugLibraryResources (Thread[included builds,5,main]) started.

> Task :react-native-worklets:processDebugManifest
Caching disabled for task ':react-native-worklets:processDebugManifest' because:
  Build cache is disabled
Task ':react-native-worklets:processDebugManifest' is not up-to-date because:
  No history is available.
Merging main manifest /home/boniface/project/BiblePABMobile/node_modules/react-native-worklets/android/src/main/AndroidManifest.xml

Merging result: SUCCESS
1<?xml version="1.0" encoding="utf-8"?>
2<manifest xmlns:android="http://schemas.android.com/apk/res/android"
3    package="com.swmansion.worklets" >
4
5    <uses-sdk android:minSdkVersion="24" />
6
7</manifest>

Merged manifest saved to /home/boniface/project/BiblePABMobile/node_modules/react-native-worklets/android/build/intermediates/merged_manifest/debug/processDebugManifest/AndroidManifest.xml
work action resolve AndroidManifest.xml (project :react-native-worklets) (Thread[Execution worker,5,main]) started.
Resolve mutations for :app:processDebugMainManifest (Thread[Execution worker,5,main]) started.
:app:processDebugMainManifest (Thread[Execution worker,5,main]) started.

> Task :notifee_react-native:compileDebugLibraryResources
Caching disabled for task ':notifee_react-native:compileDebugLibraryResources' because:
  Build cache is disabled
Task ':notifee_react-native:compileDebugLibraryResources' is not up-to-date because:
  No history is available.
The input changes require a full rebuild for incremental task ':notifee_react-native:compileDebugLibraryResources'.
work action resolve out (project :notifee_react-native) (Thread[included builds,5,main]) started.

> Task :app:processDebugMainManifest FAILED
Caching disabled for task ':app:processDebugMainManifest' because:
  Build cache is disabled
Task ':app:processDebugMainManifest' is not up-to-date because:
  No history is available.
package="com.himfirstapps.pab" found in source AndroidManifest.xml: /home/boniface/project/BiblePABMobile/android/app/src/main/AndroidManifest.xml.
Setting the namespace via the package attribute in the source AndroidManifest.xml is no longer supported, and the value is ignored.
Recommendation: remove package="com.himfirstapps.pab" from the source AndroidManifest.xml: /home/boniface/project/BiblePABMobile/android/app/src/main/AndroidManifest.xml.
Loading library manifest /home/boniface/project/BiblePABMobile/node_modules/@react-native-community/datetimepicker/android/build/intermediates/merged_manifest/debug/processDebugManifest/AndroidManifest.xml
Loading library manifest /home/boniface/project/BiblePABMobile/node_modules/react-native-gesture-handler/android/build/intermediates/merged_manifest/debug/processDebugManifest/AndroidManifest.xml
Loading library manifest /home/boniface/project/BiblePABMobile/node_modules/react-native-permissions/android/build/intermediates/merged_manifest/debug/processDebugManifest/AndroidManifest.xml
Loading library manifest /home/boniface/project/BiblePABMobile/node_modules/react-native-safe-area-context/android/build/intermediates/merged_manifest/debug/processDebugManifest/AndroidManifest.xml
Loading library manifest /home/boniface/project/BiblePABMobile/node_modules/react-native-screens/android/build/intermediates/merged_manifest/debug/processDebugManifest/AndroidManifest.xml
Loading library manifest /home/boniface/project/BiblePABMobile/node_modules/@notifee/react-native/android/build/intermediates/merged_manifest/debug/processDebugManifest/AndroidManifest.xml
Loading library manifest /home/boniface/project/BiblePABMobile/node_modules/@react-native-async-storage/async-storage/android/build/intermediates/merged_manifest/debug/processDebugManifest/AndroidManifest.xml
Loading library manifest /home/boniface/project/BiblePABMobile/node_modules/@react-native-community/netinfo/android/build/intermediates/merged_manifest/debug/processDebugManifest/AndroidManifest.xml
Loading library manifest /home/boniface/project/BiblePABMobile/node_modules/@react-native-firebase/messaging/android/build/intermediates/merged_manifest/debug/processDebugManifest/AndroidManifest.xml
Loading library manifest /home/boniface/project/BiblePABMobile/node_modules/@react-native-firebase/app/android/build/intermediates/merged_manifest/debug/processDebugManifest/AndroidManifest.xml
Loading library manifest /home/boniface/project/BiblePABMobile/node_modules/@react-native-masked-view/masked-view/android/build/intermediates/merged_manifest/debug/processDebugManifest/AndroidManifest.xml
Loading library manifest /home/boniface/project/BiblePABMobile/node_modules/react-native-linear-gradient/android/build/intermediates/merged_manifest/debug/processDebugManifest/AndroidManifest.xml
Loading library manifest /home/boniface/project/BiblePABMobile/node_modules/react-native-reanimated/android/build/intermediates/merged_manifest/debug/processDebugManifest/AndroidManifest.xml
Loading library manifest /home/boniface/project/BiblePABMobile/node_modules/react-native-svg/android/build/intermediates/merged_manifest/debug/processDebugManifest/AndroidManifest.xml
Loading library manifest /home/boniface/project/BiblePABMobile/node_modules/react-native-tts/android/build/intermediates/merged_manifest/debug/processDebugManifest/AndroidManifest.xml
Loading library manifest /home/boniface/project/BiblePABMobile/node_modules/react-native-worklets/android/build/intermediates/merged_manifest/debug/processDebugManifest/AndroidManifest.xml
Loading library manifest /home/boniface/.gradle/caches/9.0.0/transforms/a5147268657abdf3b4af919b235d5cc6/transformed/react-android-0.83.1-debug/AndroidManifest.xml
Loading library manifest /home/boniface/.gradle/caches/9.0.0/transforms/696eb7229e19bd8ed289828337f6e985/transformed/work-runtime-2.8.0/AndroidManifest.xml
Loading library manifest /home/boniface/.gradle/caches/9.0.0/transforms/289eedce4867de913f0d67f4f6807e88/transformed/firebase-messaging-25.0.1/AndroidManifest.xml
Loading library manifest /home/boniface/.gradle/caches/9.0.0/transforms/d3d80dfd0f1ba8cad01c3c7a9e05af78/transformed/firebase-installations-19.0.1/AndroidManifest.xml
Loading library manifest /home/boniface/.gradle/caches/9.0.0/transforms/c54f9178a0a23873ea02631eeb554a56/transformed/firebase-common-22.0.1/AndroidManifest.xml
Loading library manifest /home/boniface/.gradle/caches/9.0.0/transforms/da8b3a25718d1d40a5bb7755bdbcf4d4/transformed/material-1.13.0/AndroidManifest.xml
Loading library manifest /home/boniface/.gradle/caches/9.0.0/transforms/f09f16a01d4464d1050e252642b286d7/transformed/appcompat-resources-1.7.0/AndroidManifest.xml
Loading library manifest /home/boniface/.gradle/caches/9.0.0/transforms/17d5e53bb37e0667734e2a51e8a4e656/transformed/constraintlayout-2.1.0/AndroidManifest.xml
Loading library manifest /home/boniface/.gradle/caches/9.0.0/transforms/865287a0edefa11c89bee2253b0128b0/transformed/appcompat-1.7.0/AndroidManifest.xml
Loading library manifest /home/boniface/.gradle/caches/9.0.0/transforms/c96f49164a63c55d289f7590a0515e87/transformed/play-services-auth-21.4.0/AndroidManifest.xml
Loading library manifest /home/boniface/.gradle/caches/9.0.0/transforms/a41705b731a3f09ed0869a8384a79057/transformed/play-services-auth-api-phone-18.0.2/AndroidManifest.xml
Loading library manifest /home/boniface/.gradle/caches/9.0.0/transforms/873c7614c9600089513168daf64c1429/transformed/play-services-auth-base-18.0.10/AndroidManifest.xml
Loading library manifest /home/boniface/.gradle/caches/9.0.0/transforms/fccfa981afebb8a2858371af15cc12ad/transformed/play-services-fido-20.0.1/AndroidManifest.xml
Loading library manifest /home/boniface/.gradle/caches/9.0.0/transforms/660eede74f2973c19b1a3f01c7c59b00/transformed/play-services-base-18.5.0/AndroidManifest.xml
Loading library manifest /home/boniface/.gradle/caches/9.0.0/transforms/21eae9012babad0ddbaf242f3e1eae34/transformed/datastore-core-release/AndroidManifest.xml
Loading library manifest /home/boniface/.gradle/caches/9.0.0/transforms/95d1421fc849bdea2cc84fb18fbe038a/transformed/datastore-preferences-core-release/AndroidManifest.xml
Loading library manifest /home/boniface/.gradle/caches/9.0.0/transforms/a0e23b39c94d795467aa9bd88c1c6480/transformed/datastore-release/AndroidManifest.xml
Loading library manifest /home/boniface/.gradle/caches/9.0.0/transforms/1da228f84ee573722d80c94d5c916640/transformed/datastore-preferences-release/AndroidManifest.xml
Loading library manifest /home/boniface/.gradle/caches/9.0.0/transforms/74f339e8b45849608f97be76fd787106/transformed/coordinatorlayout-1.2.0/AndroidManifest.xml
Loading library manifest /home/boniface/.gradle/caches/9.0.0/transforms/8e92b40b85e95396c3d51999db7802a6/transformed/swiperefreshlayout-1.1.0/AndroidManifest.xml
Loading library manifest /home/boniface/.gradle/caches/9.0.0/transforms/2d23b11c3f2b31d675e2e294899af786/transformed/autofill-1.1.0/AndroidManifest.xml
Loading library manifest /home/boniface/.gradle/caches/9.0.0/transforms/1571b8216fe1651002318745b800a641/transformed/play-services-stats-17.0.2/AndroidManifest.xml
Loading library manifest /home/boniface/.gradle/caches/9.0.0/transforms/4ebd5063e3bcbb12fa2422efa46bd86c/transformed/legacy-support-core-utils-1.0.0/AndroidManifest.xml
Loading library manifest /home/boniface/.gradle/caches/9.0.0/transforms/68d7bcdc9f698672e8e10961160aaab7/transformed/loader-1.1.0/AndroidManifest.xml
Loading library manifest /home/boniface/.gradle/caches/9.0.0/transforms/aec3b451a59ef1b7672ea803b108ab55/transformed/emoji2-views-helper-1.3.0/AndroidManifest.xml
Loading library manifest /home/boniface/.gradle/caches/9.0.0/transforms/af597987107c7883550e79e812c5e622/transformed/emoji2-1.3.0/AndroidManifest.xml
Loading library manifest /home/boniface/.gradle/caches/9.0.0/transforms/1772478e29cb679a84ab6b8eb3549139/transformed/activity-ktx-1.8.0/AndroidManifest.xml
Loading library manifest /home/boniface/.gradle/caches/9.0.0/transforms/07275daa28eb77285bb6692fea5bad30/transformed/activity-1.8.0/AndroidManifest.xml
Loading library manifest /home/boniface/.gradle/caches/9.0.0/transforms/3fb702a9b075b624446df182844d8767/transformed/drawerlayout-1.1.1/AndroidManifest.xml
Loading library manifest /home/boniface/.gradle/caches/9.0.0/transforms/c9898427f8f8beef0f599d46589dd843/transformed/transition-1.5.0/AndroidManifest.xml
Loading library manifest /home/boniface/.gradle/caches/9.0.0/transforms/01b79996db3824ec825ac61f933da18c/transformed/dynamicanimation-1.1.0/AndroidManifest.xml
Loading library manifest /home/boniface/.gradle/caches/9.0.0/transforms/cb421a37308f482e21cb5e9228e72a66/transformed/viewpager2-1.0.0/AndroidManifest.xml
Loading library manifest /home/boniface/.gradle/caches/9.0.0/transforms/ba85d596f317d49cace1843e125de454/transformed/recyclerview-1.2.1/AndroidManifest.xml
Loading library manifest /home/boniface/.gradle/caches/9.0.0/transforms/206c7fe54f25cd112f2613ca53605b15/transformed/vectordrawable-animated-1.1.0/AndroidManifest.xml
Loading library manifest /home/boniface/.gradle/caches/9.0.0/transforms/19dc99aef945f4bd75766ef618024b1d/transformed/vectordrawable-1.1.0/AndroidManifest.xml
Loading library manifest /home/boniface/.gradle/caches/9.0.0/transforms/61be05db482dc51bfd49be9db274ee97/transformed/fresco-3.6.0/AndroidManifest.xml
Loading library manifest /home/boniface/.gradle/caches/9.0.0/transforms/7f7be2f839e57a73f71d8fffc740463d/transformed/imagepipeline-okhttp3-3.6.0/AndroidManifest.xml
Loading library manifest /home/boniface/.gradle/caches/9.0.0/transforms/71ab18e79e07c9ebd2d216c6064d8668/transformed/drawee-3.6.0/AndroidManifest.xml
Loading library manifest /home/boniface/.gradle/caches/9.0.0/transforms/374d93b55c9aa0aff239722da35ef778/transformed/nativeimagefilters-3.6.0/AndroidManifest.xml
Loading library manifest /home/boniface/.gradle/caches/9.0.0/transforms/4716003eb7209b4dbd1671426a147504/transformed/memory-type-native-3.6.0/AndroidManifest.xml
Loading library manifest /home/boniface/.gradle/caches/9.0.0/transforms/f3de2d7f23ee826b7b20008c67a0a69b/transformed/memory-type-java-3.6.0/AndroidManifest.xml
Loading library manifest /home/boniface/.gradle/caches/9.0.0/transforms/15da79ab3e0441dcd70d9a02e5b4ed10/transformed/imagepipeline-native-3.6.0/AndroidManifest.xml
Loading library manifest /home/boniface/.gradle/caches/9.0.0/transforms/27d8c0b715950ea62bde68ad60e9f9f6/transformed/memory-type-ashmem-3.6.0/AndroidManifest.xml
Loading library manifest /home/boniface/.gradle/caches/9.0.0/transforms/e551760d3a026aab1c66d41c99b2cd3e/transformed/imagepipeline-3.6.0/AndroidManifest.xml
Loading library manifest /home/boniface/.gradle/caches/9.0.0/transforms/532dca12e2d41684810266d3b2ee6343/transformed/nativeimagetranscoder-3.6.0/AndroidManifest.xml
Loading library manifest /home/boniface/.gradle/caches/9.0.0/transforms/e978e043b41c001502e2f9f7a8c28931/transformed/imagepipeline-base-3.6.0/AndroidManifest.xml
Loading library manifest /home/boniface/.gradle/caches/9.0.0/transforms/21fcb2d8614fa4623c2d43a45bf046f6/transformed/urimod-3.6.0/AndroidManifest.xml
Loading library manifest /home/boniface/.gradle/caches/9.0.0/transforms/6ad445481c8a45b08c40d228032444ea/transformed/vito-source-3.6.0/AndroidManifest.xml
Loading library manifest /home/boniface/.gradle/caches/9.0.0/transforms/8bfb95f23af5ab25071471aa995ec0d2/transformed/middleware-3.6.0/AndroidManifest.xml
Loading library manifest /home/boniface/.gradle/caches/9.0.0/transforms/92b4b4d917a515e53a135d039136b04e/transformed/ui-common-3.6.0/AndroidManifest.xml
Loading library manifest /home/boniface/.gradle/caches/9.0.0/transforms/33da06f0b75b72f92df9cbdd05ecba3b/transformed/soloader-3.6.0/AndroidManifest.xml
Loading library manifest /home/boniface/.gradle/caches/9.0.0/transforms/29ad7b4e488e27dda07fb48e7563bc20/transformed/fbcore-3.6.0/AndroidManifest.xml
Loading library manifest /home/boniface/.gradle/caches/9.0.0/transforms/38e96038c5138dde0f74c355e0850eb6/transformed/viewpager-1.0.0/AndroidManifest.xml
Loading library manifest /home/boniface/.gradle/caches/9.0.0/transforms/5123f70634301486b02a7bf33fd00857/transformed/customview-1.1.0/AndroidManifest.xml
Loading library manifest /home/boniface/.gradle/caches/9.0.0/transforms/d53faa6f0e53de84bf34a73daa3cd4e3/transformed/core-1.16.0/AndroidManifest.xml
Loading library manifest /home/boniface/.gradle/caches/9.0.0/transforms/5db0a9577d00eb9be311b9cda1635569/transformed/savedstate-ktx-1.2.1/AndroidManifest.xml
Loading library manifest /home/boniface/.gradle/caches/9.0.0/transforms/b8a3a1dc4cb43e784c9c026d91e68747/transformed/lifecycle-runtime-ktx-2.6.2/AndroidManifest.xml
Loading library manifest /home/boniface/.gradle/caches/9.0.0/transforms/8246dfc9f13caabd14015f7dd16396ce/transformed/lifecycle-viewmodel-2.6.2/AndroidManifest.xml
Loading library manifest /home/boniface/.gradle/caches/9.0.0/transforms/9196b9d574ab45c917b147d535f8f25b/transformed/lifecycle-service-2.6.2/AndroidManifest.xml
Loading library manifest /home/boniface/.gradle/caches/9.0.0/transforms/8ce9daac686110322c73e221e735ab54/transformed/lifecycle-process-2.6.2/AndroidManifest.xml
Loading library manifest /home/boniface/.gradle/caches/9.0.0/transforms/0022224e432e8381f310f92ae9de56f0/transformed/lifecycle-livedata-core-ktx-2.6.2/AndroidManifest.xml
Loading library manifest /home/boniface/.gradle/caches/9.0.0/transforms/ba012225ff81007ece3681f211873f46/transformed/lifecycle-livedata-core-2.6.2/AndroidManifest.xml
Loading library manifest /home/boniface/.gradle/caches/9.0.0/transforms/f976f5c1e33a03f9028e6cdfe7278e96/transformed/lifecycle-livedata-2.6.2/AndroidManifest.xml
Loading library manifest /home/boniface/.gradle/caches/9.0.0/transforms/accdbfe971897cf9ff7756725a0593a3/transformed/lifecycle-viewmodel-savedstate-2.6.2/AndroidManifest.xml
Loading library manifest /home/boniface/.gradle/caches/9.0.0/transforms/85d1b198dc76040d917279e22fdcd6f4/transformed/savedstate-1.2.1/AndroidManifest.xml
Loading library manifest /home/boniface/.gradle/caches/9.0.0/transforms/dd6e9c1cecbe416d8e38e000f21e8dc1/transformed/lifecycle-runtime-2.6.2/AndroidManifest.xml
Loading library manifest /home/boniface/.gradle/caches/9.0.0/transforms/25e436689ef77ece3453838d519be7d4/transformed/lifecycle-viewmodel-ktx-2.6.2/AndroidManifest.xml
Loading library manifest /home/boniface/.gradle/caches/9.0.0/transforms/5bb0baf6103e03077a707ea6b87ee39d/transformed/firebase-iid-interop-17.1.0/AndroidManifest.xml
Loading library manifest /home/boniface/.gradle/caches/9.0.0/transforms/26da649faa7009f0a3fd2bcf32e4957f/transformed/play-services-cloud-messaging-17.2.0/AndroidManifest.xml
Loading library manifest /home/boniface/.gradle/caches/9.0.0/transforms/d0c74177b5d36fb49ea6b508b3d9ca78/transformed/firebase-installations-interop-17.1.1/AndroidManifest.xml
Loading library manifest /home/boniface/.gradle/caches/9.0.0/transforms/62db09c9b7806ca62583c3110b057833/transformed/play-services-tasks-18.2.0/AndroidManifest.xml
Loading library manifest /home/boniface/.gradle/caches/9.0.0/transforms/ed6ed32577514a097468b2710c3e7517/transformed/firebase-measurement-connector-19.0.0/AndroidManifest.xml
Loading library manifest /home/boniface/.gradle/caches/9.0.0/transforms/01ab87e23aa34ee4a2ec29b0f5fbda8f/transformed/play-services-basement-18.5.0/AndroidManifest.xml
Loading library manifest /home/boniface/.gradle/caches/9.0.0/transforms/c8dde02a919c73b70b94b9c71a803d59/transformed/fragment-1.6.1/AndroidManifest.xml
Loading library manifest /home/boniface/.gradle/caches/9.0.0/transforms/78ed77090146c3a32fca4a67e72c7a4d/transformed/fragment-ktx-1.6.1/AndroidManifest.xml
Loading library manifest /home/boniface/.gradle/caches/9.0.0/transforms/abd431c646fc7380a2c6feddf6a1c77e/transformed/graphics-shapes-release/AndroidManifest.xml
Loading library manifest /home/boniface/.gradle/caches/9.0.0/transforms/9f7b02206e6e5480c0412ac6f8c6eb15/transformed/core-ktx-1.16.0/AndroidManifest.xml
Loading library manifest /home/boniface/.gradle/caches/9.0.0/transforms/37223806ec9fbeac450eb1297f26d090/transformed/room-runtime-2.5.0/AndroidManifest.xml
Loading library manifest /home/boniface/.gradle/caches/9.0.0/transforms/2f94a9e6e45325ecbffba7b977534125/transformed/sqlite-framework-2.3.0/AndroidManifest.xml
Loading library manifest /home/boniface/.gradle/caches/9.0.0/transforms/2c49fb86efcd99ec7eb198b4d66fe284/transformed/ui-core-3.6.0/AndroidManifest.xml
Loading library manifest /home/boniface/.gradle/caches/9.0.0/transforms/f15f630154bd3de05035357ca1e21e57/transformed/sqlite-2.3.0/AndroidManifest.xml
Loading library manifest /home/boniface/.gradle/caches/9.0.0/transforms/15b026e085ff82335f0541fdbf374703/transformed/hermes-android-0.14.0-debug/AndroidManifest.xml
Loading library manifest /home/boniface/.gradle/caches/9.0.0/transforms/2578e63c49d021ec2f9385d54ba82efd/transformed/profileinstaller-1.3.1/AndroidManifest.xml
Loading library manifest /home/boniface/.gradle/caches/9.0.0/transforms/8a5aeb31b708bbda6d6b0fe65c0c889b/transformed/firebase-components-19.0.0/AndroidManifest.xml
Loading library manifest /home/boniface/.gradle/caches/9.0.0/transforms/9c980e013c24f2f35ff61a0646555663/transformed/firebase-datatransport-18.2.0/AndroidManifest.xml
Loading library manifest /home/boniface/.gradle/caches/9.0.0/transforms/189dc2bb53b763ac3f54b89ff97a7626/transformed/transport-backend-cct-3.1.9/AndroidManifest.xml
Loading library manifest /home/boniface/.gradle/caches/9.0.0/transforms/c40def06fbfcd27045d468e7ca771f6f/transformed/firebase-encoders-json-18.0.0/AndroidManifest.xml
Loading library manifest /home/boniface/.gradle/caches/9.0.0/transforms/ab2f4942e173850dca22971f35c469e6/transformed/transport-runtime-3.1.9/AndroidManifest.xml
Loading library manifest /home/boniface/.gradle/caches/9.0.0/transforms/cde024887ad4fae3426bad690307ca72/transformed/transport-api-3.1.0/AndroidManifest.xml
Loading library manifest /home/boniface/.gradle/caches/9.0.0/transforms/0190391b2038ea0f8206b6cd62826c47/transformed/cursoradapter-1.0.0/AndroidManifest.xml
Loading library manifest /home/boniface/.gradle/caches/9.0.0/transforms/f4f5541c569be59988b7e92031f64f9b/transformed/cardview-1.0.0/AndroidManifest.xml
Loading library manifest /home/boniface/.gradle/caches/9.0.0/transforms/113e024f341ef98667ca56ba79038aed/transformed/interpolator-1.0.0/AndroidManifest.xml
Loading library manifest /home/boniface/.gradle/caches/9.0.0/transforms/5a387f85f77f25296d7ed8bdb75d5fd8/transformed/startup-runtime-1.1.1/AndroidManifest.xml
Loading library manifest /home/boniface/.gradle/caches/9.0.0/transforms/a74f460c9f5abaccfba2837eb29b2c12/transformed/tracing-1.2.0/AndroidManifest.xml
Loading library manifest /home/boniface/.gradle/caches/9.0.0/transforms/871ef9415502bd777c402eb2243021b3/transformed/versionedparcelable-1.1.1/AndroidManifest.xml
Loading library manifest /home/boniface/.gradle/caches/9.0.0/transforms/57c2e4452bb5dec47ea85bb3ef188543/transformed/documentfile-1.0.0/AndroidManifest.xml
Loading library manifest /home/boniface/.gradle/caches/9.0.0/transforms/01e91eeaacc6a2e09a183c39dd4be489/transformed/localbroadcastmanager-1.0.0/AndroidManifest.xml
Loading library manifest /home/boniface/.gradle/caches/9.0.0/transforms/52827a7a836b59bbfe8a5522726d64e0/transformed/print-1.0.0/AndroidManifest.xml
Loading library manifest /home/boniface/.gradle/caches/9.0.0/transforms/e97ff75d705b1e210754e8c8086f1ddc/transformed/core-runtime-2.2.0/AndroidManifest.xml
Loading library manifest /home/boniface/.gradle/caches/9.0.0/transforms/ee051187e876a56cf37fc7f3a9a91253/transformed/annotation-experimental-1.4.1/AndroidManifest.xml
Loading library manifest /home/boniface/.gradle/caches/9.0.0/transforms/59c4b1e052e3366d1806f28e01e2054b/transformed/core-viewtree-1.0.0/AndroidManifest.xml
Loading library manifest /home/boniface/.gradle/caches/9.0.0/transforms/90353ef7e6fd632ce1cbed7052f8bdce/transformed/core-202108261754/AndroidManifest.xml
Loading library manifest /home/boniface/.gradle/caches/9.0.0/transforms/79aa51f00001f45df7e655f712cec1f4/transformed/eventbus-3.3.1/AndroidManifest.xml
Loading library manifest /home/boniface/.gradle/caches/9.0.0/transforms/110f58fbc01d452269f8293d0652632c/transformed/fbjni-0.7.0/AndroidManifest.xml
Loading library manifest /home/boniface/.gradle/caches/9.0.0/transforms/d8600082d3d65255f9e0204d4637e8f8/transformed/soloader-0.12.1/AndroidManifest.xml
Merging main manifest /home/boniface/project/BiblePABMobile/android/app/src/main/AndroidManifest.xml

Merging library manifest /home/boniface/project/BiblePABMobile/node_modules/@react-native-community/datetimepicker/android/build/intermediates/merged_manifest/debug/processDebugManifest/AndroidManifest.xml
Merging manifest with lower [:react-native-community_datetimepicker] AndroidManifest.xml:2:1-9:12
uses-sdk defined in both files...
Merging uses-sdk with lower [:react-native-community_datetimepicker] AndroidManifest.xml:5:5-44
application defined in both files...
Merging application with lower [:react-native-community_datetimepicker] AndroidManifest.xml:7:5-20
Merging library manifest /home/boniface/project/BiblePABMobile/node_modules/react-native-gesture-handler/android/build/intermediates/merged_manifest/debug/processDebugManifest/AndroidManifest.xml
Merging manifest with lower [:react-native-gesture-handler] AndroidManifest.xml:2:1-7:12
uses-sdk defined in both files...
Merging uses-sdk with lower [:react-native-gesture-handler] AndroidManifest.xml:5:5-44
Merging library manifest /home/boniface/project/BiblePABMobile/node_modules/react-native-permissions/android/build/intermediates/merged_manifest/debug/processDebugManifest/AndroidManifest.xml
Merging manifest with lower [:react-native-permissions] AndroidManifest.xml:2:1-7:12
uses-sdk defined in both files...
Merging uses-sdk with lower [:react-native-permissions] AndroidManifest.xml:5:5-44
Merging library manifest /home/boniface/project/BiblePABMobile/node_modules/react-native-safe-area-context/android/build/intermediates/merged_manifest/debug/processDebugManifest/AndroidManifest.xml
Merging manifest with lower [:react-native-safe-area-context] AndroidManifest.xml:2:1-7:12
uses-sdk defined in both files...
Merging uses-sdk with lower [:react-native-safe-area-context] AndroidManifest.xml:5:5-44
Merging library manifest /home/boniface/project/BiblePABMobile/node_modules/react-native-screens/android/build/intermediates/merged_manifest/debug/processDebugManifest/AndroidManifest.xml
Merging manifest with lower [:react-native-screens] AndroidManifest.xml:2:1-7:12
uses-sdk defined in both files...
Merging uses-sdk with lower [:react-native-screens] AndroidManifest.xml:5:5-44
Merging library manifest /home/boniface/project/BiblePABMobile/node_modules/@notifee/react-native/android/build/intermediates/merged_manifest/debug/processDebugManifest/AndroidManifest.xml
Merging manifest with lower [:notifee_react-native] AndroidManifest.xml:2:1-15:12
uses-sdk defined in both files...
Merging uses-sdk with lower [:notifee_react-native] AndroidManifest.xml:5:5-44
application defined in both files...
Merging application with lower [:notifee_react-native] AndroidManifest.xml:7:5-13:19
Adopted [provider: null]
Merging library manifest /home/boniface/project/BiblePABMobile/node_modules/@react-native-async-storage/async-storage/android/build/intermediates/merged_manifest/debug/processDebugManifest/AndroidManifest.xml
Merging manifest with lower [:react-native-async-storage_async-storage] AndroidManifest.xml:2:1-7:12
uses-sdk defined in both files...
Merging uses-sdk with lower [:react-native-async-storage_async-storage] AndroidManifest.xml:5:5-44
Merging library manifest /home/boniface/project/BiblePABMobile/node_modules/@react-native-community/netinfo/android/build/intermediates/merged_manifest/debug/processDebugManifest/AndroidManifest.xml
Merging manifest with lower [:react-native-community_netinfo] AndroidManifest.xml:2:1-10:12
uses-sdk defined in both files...
Merging uses-sdk with lower [:react-native-community_netinfo] AndroidManifest.xml:5:5-44
uses-permission#android.permission.ACCESS_NETWORK_STATE defined in both files...
Merging uses-permission#android.permission.ACCESS_NETWORK_STATE with lower [:react-native-community_netinfo] AndroidManifest.xml:7:5-79
uses-permission#android.permission.ACCESS_WIFI_STATE defined in both files...
Merging uses-permission#android.permission.ACCESS_WIFI_STATE with lower [:react-native-community_netinfo] AndroidManifest.xml:8:5-76
Merging library manifest /home/boniface/project/BiblePABMobile/node_modules/@react-native-firebase/messaging/android/build/intermediates/merged_manifest/debug/processDebugManifest/AndroidManifest.xml
Merging manifest with lower [:react-native-firebase_messaging] AndroidManifest.xml:2:1-49:12
uses-sdk defined in both files...
Merging uses-sdk with lower [:react-native-firebase_messaging] AndroidManifest.xml:5:5-44
uses-permission#android.permission.INTERNET defined in both files...
Merging uses-permission#android.permission.INTERNET with lower [:react-native-firebase_messaging] AndroidManifest.xml:7:5-67
uses-permission#android.permission.WAKE_LOCK defined in both files...
Merging uses-permission#android.permission.WAKE_LOCK with lower [:react-native-firebase_messaging] AndroidManifest.xml:8:5-68
uses-permission#android.permission.ACCESS_NETWORK_STATE defined in both files...
Merging uses-permission#android.permission.ACCESS_NETWORK_STATE with lower [:react-native-firebase_messaging] AndroidManifest.xml:9:5-79
application defined in both files...
Merging application with lower [:react-native-firebase_messaging] AndroidManifest.xml:11:5-47:19
Adopted [service: null]
Adopted [service: null]
Adopted [receiver: null]
Adopted [meta-data: null]
Adopted [meta-data: null]
Adopted [meta-data: null]
Adopted [meta-data: null]
meta-data#com.google.firebase.messaging.default_notification_color defined in both files...
Merging meta-data#com.google.firebase.messaging.default_notification_color with lower [:react-native-firebase_messaging] AndroidManifest.xml:44:9-46:47
Merging result: ERROR
/home/boniface/project/BiblePABMobile/android/app/src/main/AndroidManifest.xml:62:9-53 Error:
	Attribute meta-data#com.google.firebase.messaging.default_notification_color@resource value=(@color/notification_color) from AndroidManifest.xml:62:9-53
	is also present at [:react-native-firebase_messaging] AndroidManifest.xml:46:13-44 value=(@color/white).
	Suggestion: add 'tools:replace="android:resource"' to <meta-data> element at AndroidManifest.xml:60:7-62:56 to override.
-- Merging decision tree log ---
manifest
ADDED from /home/boniface/project/BiblePABMobile/android/app/src/main/AndroidManifest.xml:1:1-65:12
INJECTED from /home/boniface/project/BiblePABMobile/android/app/src/main/AndroidManifest.xml:1:1-65:12
INJECTED from /home/boniface/project/BiblePABMobile/android/app/src/main/AndroidManifest.xml:1:1-65:12
INJECTED from /home/boniface/project/BiblePABMobile/android/app/src/main/AndroidManifest.xml:1:1-65:12
MERGED from [:react-native-community_datetimepicker] /home/boniface/project/BiblePABMobile/node_modules/@react-native-community/datetimepicker/android/build/intermediates/merged_manifest/debug/processDebugManifest/AndroidManifest.xml:2:1-9:12
MERGED from [:react-native-gesture-handler] /home/boniface/project/BiblePABMobile/node_modules/react-native-gesture-handler/android/build/intermediates/merged_manifest/debug/processDebugManifest/AndroidManifest.xml:2:1-7:12
MERGED from [:react-native-permissions] /home/boniface/project/BiblePABMobile/node_modules/react-native-permissions/android/build/intermediates/merged_manifest/debug/processDebugManifest/AndroidManifest.xml:2:1-7:12
MERGED from [:react-native-safe-area-context] /home/boniface/project/BiblePABMobile/node_modules/react-native-safe-area-context/android/build/intermediates/merged_manifest/debug/processDebugManifest/AndroidManifest.xml:2:1-7:12
MERGED from [:react-native-screens] /home/boniface/project/BiblePABMobile/node_modules/react-native-screens/android/build/intermediates/merged_manifest/debug/processDebugManifest/AndroidManifest.xml:2:1-7:12
MERGED from [:notifee_react-native] /home/boniface/project/BiblePABMobile/node_modules/@notifee/react-native/android/build/intermediates/merged_manifest/debug/processDebugManifest/AndroidManifest.xml:2:1-15:12
MERGED from [:react-native-async-storage_async-storage] /home/boniface/project/BiblePABMobile/node_modules/@react-native-async-storage/async-storage/android/build/intermediates/merged_manifest/debug/processDebugManifest/AndroidManifest.xml:2:1-7:12
MERGED from [:react-native-community_netinfo] /home/boniface/project/BiblePABMobile/node_modules/@react-native-community/netinfo/android/build/intermediates/merged_manifest/debug/processDebugManifest/AndroidManifest.xml:2:1-10:12
MERGED from [:react-native-firebase_messaging] /home/boniface/project/BiblePABMobile/node_modules/@react-native-firebase/messaging/android/build/intermediates/merged_manifest/debug/processDebugManifest/AndroidManifest.xml:2:1-49:12
	package
		ADDED from /home/boniface/project/BiblePABMobile/android/app/src/main/AndroidManifest.xml:2:5-35
		INJECTED from /home/boniface/project/BiblePABMobile/android/app/src/main/AndroidManifest.xml
	android:versionName
		INJECTED from /home/boniface/project/BiblePABMobile/android/app/src/main/AndroidManifest.xml
	android:versionCode
		INJECTED from /home/boniface/project/BiblePABMobile/android/app/src/main/AndroidManifest.xml
	xmlns:android
		ADDED from /home/boniface/project/BiblePABMobile/android/app/src/main/AndroidManifest.xml:1:11-69
uses-permission#android.permission.INTERNET
ADDED from /home/boniface/project/BiblePABMobile/android/app/src/main/AndroidManifest.xml:5:5-67
MERGED from [:react-native-firebase_messaging] /home/boniface/project/BiblePABMobile/node_modules/@react-native-firebase/messaging/android/build/intermediates/merged_manifest/debug/processDebugManifest/AndroidManifest.xml:7:5-67
MERGED from [:react-native-firebase_messaging] /home/boniface/project/BiblePABMobile/node_modules/@react-native-firebase/messaging/android/build/intermediates/merged_manifest/debug/processDebugManifest/AndroidManifest.xml:7:5-67
	android:name
		ADDED from /home/boniface/project/BiblePABMobile/android/app/src/main/AndroidManifest.xml:5:22-64
uses-permission#android.permission.ACCESS_NETWORK_STATE
ADDED from /home/boniface/project/BiblePABMobile/android/app/src/main/AndroidManifest.xml:6:5-79
MERGED from [:react-native-community_netinfo] /home/boniface/project/BiblePABMobile/node_modules/@react-native-community/netinfo/android/build/intermediates/merged_manifest/debug/processDebugManifest/AndroidManifest.xml:7:5-79
MERGED from [:react-native-community_netinfo] /home/boniface/project/BiblePABMobile/node_modules/@react-native-community/netinfo/android/build/intermediates/merged_manifest/debug/processDebugManifest/AndroidManifest.xml:7:5-79
MERGED from [:react-native-firebase_messaging] /home/boniface/project/BiblePABMobile/node_modules/@react-native-firebase/messaging/android/build/intermediates/merged_manifest/debug/processDebugManifest/AndroidManifest.xml:9:5-79
MERGED from [:react-native-firebase_messaging] /home/boniface/project/BiblePABMobile/node_modules/@react-native-firebase/messaging/android/build/intermediates/merged_manifest/debug/processDebugManifest/AndroidManifest.xml:9:5-79
	android:name
		ADDED from /home/boniface/project/BiblePABMobile/android/app/src/main/AndroidManifest.xml:6:22-76
uses-permission#android.permission.ACCESS_WIFI_STATE
ADDED from /home/boniface/project/BiblePABMobile/android/app/src/main/AndroidManifest.xml:7:5-76
MERGED from [:react-native-community_netinfo] /home/boniface/project/BiblePABMobile/node_modules/@react-native-community/netinfo/android/build/intermediates/merged_manifest/debug/processDebugManifest/AndroidManifest.xml:8:5-76
MERGED from [:react-native-community_netinfo] /home/boniface/project/BiblePABMobile/node_modules/@react-native-community/netinfo/android/build/intermediates/merged_manifest/debug/processDebugManifest/AndroidManifest.xml:8:5-76
	android:name
		ADDED from /home/boniface/project/BiblePABMobile/android/app/src/main/AndroidManifest.xml:7:22-73
uses-permission#android.permission.READ_EXTERNAL_STORAGE
ADDED from /home/boniface/project/BiblePABMobile/android/app/src/main/AndroidManifest.xml:10:5-79
	android:name
		ADDED from /home/boniface/project/BiblePABMobile/android/app/src/main/AndroidManifest.xml:10:22-77
uses-permission#android.permission.WRITE_EXTERNAL_STORAGE
ADDED from /home/boniface/project/BiblePABMobile/android/app/src/main/AndroidManifest.xml:11:5-80
	android:name
		ADDED from /home/boniface/project/BiblePABMobile/android/app/src/main/AndroidManifest.xml:11:22-78
uses-permission#android.permission.CAMERA
ADDED from /home/boniface/project/BiblePABMobile/android/app/src/main/AndroidManifest.xml:14:5-64
	android:name
		ADDED from /home/boniface/project/BiblePABMobile/android/app/src/main/AndroidManifest.xml:14:22-62
uses-permission#android.permission.POST_NOTIFICATIONS
ADDED from /home/boniface/project/BiblePABMobile/android/app/src/main/AndroidManifest.xml:17:5-76
	android:name
		ADDED from /home/boniface/project/BiblePABMobile/android/app/src/main/AndroidManifest.xml:17:22-74
uses-permission#android.permission.WAKE_LOCK
ADDED from /home/boniface/project/BiblePABMobile/android/app/src/main/AndroidManifest.xml:20:5-68
MERGED from [:react-native-firebase_messaging] /home/boniface/project/BiblePABMobile/node_modules/@react-native-firebase/messaging/android/build/intermediates/merged_manifest/debug/processDebugManifest/AndroidManifest.xml:8:5-68
MERGED from [:react-native-firebase_messaging] /home/boniface/project/BiblePABMobile/node_modules/@react-native-firebase/messaging/android/build/intermediates/merged_manifest/debug/processDebugManifest/AndroidManifest.xml:8:5-68
	android:name
		ADDED from /home/boniface/project/BiblePABMobile/android/app/src/main/AndroidManifest.xml:20:22-65
uses-permission#com.google.android.c2dm.permission.RECEIVE
ADDED from /home/boniface/project/BiblePABMobile/android/app/src/main/AndroidManifest.xml:21:5-82
	android:name
		ADDED from /home/boniface/project/BiblePABMobile/android/app/src/main/AndroidManifest.xml:21:22-79
application
ADDED from /home/boniface/project/BiblePABMobile/android/app/src/main/AndroidManifest.xml:23:5-64:19
INJECTED from /home/boniface/project/BiblePABMobile/android/app/src/main/AndroidManifest.xml:23:5-64:19
MERGED from [:react-native-community_datetimepicker] /home/boniface/project/BiblePABMobile/node_modules/@react-native-community/datetimepicker/android/build/intermediates/merged_manifest/debug/processDebugManifest/AndroidManifest.xml:7:5-20
MERGED from [:react-native-community_datetimepicker] /home/boniface/project/BiblePABMobile/node_modules/@react-native-community/datetimepicker/android/build/intermediates/merged_manifest/debug/processDebugManifest/AndroidManifest.xml:7:5-20
MERGED from [:notifee_react-native] /home/boniface/project/BiblePABMobile/node_modules/@notifee/react-native/android/build/intermediates/merged_manifest/debug/processDebugManifest/AndroidManifest.xml:7:5-13:19
MERGED from [:notifee_react-native] /home/boniface/project/BiblePABMobile/node_modules/@notifee/react-native/android/build/intermediates/merged_manifest/debug/processDebugManifest/AndroidManifest.xml:7:5-13:19
MERGED from [:react-native-firebase_messaging] /home/boniface/project/BiblePABMobile/node_modules/@react-native-firebase/messaging/android/build/intermediates/merged_manifest/debug/processDebugManifest/AndroidManifest.xml:11:5-47:19
MERGED from [:react-native-firebase_messaging] /home/boniface/project/BiblePABMobile/node_modules/@react-native-firebase/messaging/android/build/intermediates/merged_manifest/debug/processDebugManifest/AndroidManifest.xml:11:5-47:19
	android:extractNativeLibs
		INJECTED from /home/boniface/project/BiblePABMobile/android/app/src/main/AndroidManifest.xml
	android:supportsRtl
		ADDED from /home/boniface/project/BiblePABMobile/android/app/src/main/AndroidManifest.xml:31:7-33
	android:label
		ADDED from /home/boniface/project/BiblePABMobile/android/app/src/main/AndroidManifest.xml:25:7-39
	android:icon
		ADDED from /home/boniface/project/BiblePABMobile/android/app/src/main/AndroidManifest.xml:26:7-41
	android:allowBackup
		ADDED from /home/boniface/project/BiblePABMobile/android/app/src/main/AndroidManifest.xml:27:7-34
	android:theme
		ADDED from /home/boniface/project/BiblePABMobile/android/app/src/main/AndroidManifest.xml:28:7-38
	android:networkSecurityConfig
		ADDED from /home/boniface/project/BiblePABMobile/android/app/src/main/AndroidManifest.xml:30:7-67
	android:usesCleartextTraffic
		ADDED from /home/boniface/project/BiblePABMobile/android/app/src/main/AndroidManifest.xml:29:7-42
	android:name
		ADDED from /home/boniface/project/BiblePABMobile/android/app/src/main/AndroidManifest.xml:24:7-38
activity#com.himfirstapps.pab.MainActivity
ADDED from /home/boniface/project/BiblePABMobile/android/app/src/main/AndroidManifest.xml:34:7-45:18
	android:label
		ADDED from /home/boniface/project/BiblePABMobile/android/app/src/main/AndroidManifest.xml:36:9-41
	android:launchMode
		ADDED from /home/boniface/project/BiblePABMobile/android/app/src/main/AndroidManifest.xml:38:9-40
	android:windowSoftInputMode
		ADDED from /home/boniface/project/BiblePABMobile/android/app/src/main/AndroidManifest.xml:39:9-51
	android:exported
		ADDED from /home/boniface/project/BiblePABMobile/android/app/src/main/AndroidManifest.xml:40:9-32
	android:configChanges
		ADDED from /home/boniface/project/BiblePABMobile/android/app/src/main/AndroidManifest.xml:37:9-118
	android:name
		ADDED from /home/boniface/project/BiblePABMobile/android/app/src/main/AndroidManifest.xml:35:9-37
intent-filter#action:name:android.intent.action.MAIN+category:name:android.intent.category.LAUNCHER
ADDED from /home/boniface/project/BiblePABMobile/android/app/src/main/AndroidManifest.xml:41:9-44:25
action#android.intent.action.MAIN
ADDED from /home/boniface/project/BiblePABMobile/android/app/src/main/AndroidManifest.xml:42:13-65
	android:name
		ADDED from /home/boniface/project/BiblePABMobile/android/app/src/main/AndroidManifest.xml:42:21-62
category#android.intent.category.LAUNCHER
ADDED from /home/boniface/project/BiblePABMobile/android/app/src/main/AndroidManifest.xml:43:13-73
	android:name
		ADDED from /home/boniface/project/BiblePABMobile/android/app/src/main/AndroidManifest.xml:43:23-70
service#com.google.firebase.messaging.FirebaseMessagingService
ADDED from /home/boniface/project/BiblePABMobile/android/app/src/main/AndroidManifest.xml:48:7-54:17
	android:exported
		ADDED from /home/boniface/project/BiblePABMobile/android/app/src/main/AndroidManifest.xml:50:9-33
	android:name
		ADDED from /home/boniface/project/BiblePABMobile/android/app/src/main/AndroidManifest.xml:49:9-78
intent-filter#action:name:com.google.firebase.MESSAGING_EVENT
ADDED from /home/boniface/project/BiblePABMobile/android/app/src/main/AndroidManifest.xml:51:9-53:25
action#com.google.firebase.MESSAGING_EVENT
ADDED from /home/boniface/project/BiblePABMobile/android/app/src/main/AndroidManifest.xml:52:11-72
	android:name
		ADDED from /home/boniface/project/BiblePABMobile/android/app/src/main/AndroidManifest.xml:52:19-69
meta-data#com.google.firebase.messaging.default_notification_icon
ADDED from /home/boniface/project/BiblePABMobile/android/app/src/main/AndroidManifest.xml:57:7-59:50
	android:resource
		ADDED from /home/boniface/project/BiblePABMobile/android/app/src/main/AndroidManifest.xml:59:9-47
	android:name
		ADDED from /home/boniface/project/BiblePABMobile/android/app/src/main/AndroidManifest.xml:58:9-79
meta-data#com.google.firebase.messaging.default_notification_color
ADDED from /home/boniface/project/BiblePABMobile/android/app/src/main/AndroidManifest.xml:60:7-62:56
MERGED from [:react-native-firebase_messaging] /home/boniface/project/BiblePABMobile/node_modules/@react-native-firebase/messaging/android/build/intermediates/merged_manifest/debug/processDebugManifest/AndroidManifest.xml:44:9-46:47
MERGED from [:react-native-firebase_messaging] /home/boniface/project/BiblePABMobile/node_modules/@react-native-firebase/messaging/android/build/intermediates/merged_manifest/debug/processDebugManifest/AndroidManifest.xml:44:9-46:47
	android:resource
		ADDED from /home/boniface/project/BiblePABMobile/android/app/src/main/AndroidManifest.xml:62:9-53
	android:name
		ADDED from /home/boniface/project/BiblePABMobile/android/app/src/main/AndroidManifest.xml:61:9-80
uses-sdk
INJECTED from /home/boniface/project/BiblePABMobile/android/app/src/main/AndroidManifest.xml reason: use-sdk injection requested
INJECTED from /home/boniface/project/BiblePABMobile/android/app/src/main/AndroidManifest.xml
INJECTED from /home/boniface/project/BiblePABMobile/android/app/src/main/AndroidManifest.xml
MERGED from [:react-native-community_datetimepicker] /home/boniface/project/BiblePABMobile/node_modules/@react-native-community/datetimepicker/android/build/intermediates/merged_manifest/debug/processDebugManifest/AndroidManifest.xml:5:5-44
MERGED from [:react-native-community_datetimepicker] /home/boniface/project/BiblePABMobile/node_modules/@react-native-community/datetimepicker/android/build/intermediates/merged_manifest/debug/processDebugManifest/AndroidManifest.xml:5:5-44
MERGED from [:react-native-gesture-handler] /home/boniface/project/BiblePABMobile/node_modules/react-native-gesture-handler/android/build/intermediates/merged_manifest/debug/processDebugManifest/AndroidManifest.xml:5:5-44
MERGED from [:react-native-gesture-handler] /home/boniface/project/BiblePABMobile/node_modules/react-native-gesture-handler/android/build/intermediates/merged_manifest/debug/processDebugManifest/AndroidManifest.xml:5:5-44
MERGED from [:react-native-permissions] /home/boniface/project/BiblePABMobile/node_modules/react-native-permissions/android/build/intermediates/merged_manifest/debug/processDebugManifest/AndroidManifest.xml:5:5-44
MERGED from [:react-native-permissions] /home/boniface/project/BiblePABMobile/node_modules/react-native-permissions/android/build/intermediates/merged_manifest/debug/processDebugManifest/AndroidManifest.xml:5:5-44
MERGED from [:react-native-safe-area-context] /home/boniface/project/BiblePABMobile/node_modules/react-native-safe-area-context/android/build/intermediates/merged_manifest/debug/processDebugManifest/AndroidManifest.xml:5:5-44
MERGED from [:react-native-safe-area-context] /home/boniface/project/BiblePABMobile/node_modules/react-native-safe-area-context/android/build/intermediates/merged_manifest/debug/processDebugManifest/AndroidManifest.xml:5:5-44
MERGED from [:react-native-screens] /home/boniface/project/BiblePABMobile/node_modules/react-native-screens/android/build/intermediates/merged_manifest/debug/processDebugManifest/AndroidManifest.xml:5:5-44
MERGED from [:react-native-screens] /home/boniface/project/BiblePABMobile/node_modules/react-native-screens/android/build/intermediates/merged_manifest/debug/processDebugManifest/AndroidManifest.xml:5:5-44
MERGED from [:notifee_react-native] /home/boniface/project/BiblePABMobile/node_modules/@notifee/react-native/android/build/intermediates/merged_manifest/debug/processDebugManifest/AndroidManifest.xml:5:5-44
MERGED from [:notifee_react-native] /home/boniface/project/BiblePABMobile/node_modules/@notifee/react-native/android/build/intermediates/merged_manifest/debug/processDebugManifest/AndroidManifest.xml:5:5-44
MERGED from [:react-native-async-storage_async-storage] /home/boniface/project/BiblePABMobile/node_modules/@react-native-async-storage/async-storage/android/build/intermediates/merged_manifest/debug/processDebugManifest/AndroidManifest.xml:5:5-44
MERGED from [:react-native-async-storage_async-storage] /home/boniface/project/BiblePABMobile/node_modules/@react-native-async-storage/async-storage/android/build/intermediates/merged_manifest/debug/processDebugManifest/AndroidManifest.xml:5:5-44
MERGED from [:react-native-community_netinfo] /home/boniface/project/BiblePABMobile/node_modules/@react-native-community/netinfo/android/build/intermediates/merged_manifest/debug/processDebugManifest/AndroidManifest.xml:5:5-44
MERGED from [:react-native-community_netinfo] /home/boniface/project/BiblePABMobile/node_modules/@react-native-community/netinfo/android/build/intermediates/merged_manifest/debug/processDebugManifest/AndroidManifest.xml:5:5-44
MERGED from [:react-native-firebase_messaging] /home/boniface/project/BiblePABMobile/node_modules/@react-native-firebase/messaging/android/build/intermediates/merged_manifest/debug/processDebugManifest/AndroidManifest.xml:5:5-44
MERGED from [:react-native-firebase_messaging] /home/boniface/project/BiblePABMobile/node_modules/@react-native-firebase/messaging/android/build/intermediates/merged_manifest/debug/processDebugManifest/AndroidManifest.xml:5:5-44
	android:targetSdkVersion
		INJECTED from /home/boniface/project/BiblePABMobile/android/app/src/main/AndroidManifest.xml
	android:minSdkVersion
		INJECTED from /home/boniface/project/BiblePABMobile/android/app/src/main/AndroidManifest.xml
provider#io.invertase.notifee.NotifeeInitProvider
ADDED from [:notifee_react-native] /home/boniface/project/BiblePABMobile/node_modules/@notifee/react-native/android/build/intermediates/merged_manifest/debug/processDebugManifest/AndroidManifest.xml:8:9-12:40
	android:authorities
		ADDED from [:notifee_react-native] /home/boniface/project/BiblePABMobile/node_modules/@notifee/react-native/android/build/intermediates/merged_manifest/debug/processDebugManifest/AndroidManifest.xml:10:13-73
	android:exported
		ADDED from [:notifee_react-native] /home/boniface/project/BiblePABMobile/node_modules/@notifee/react-native/android/build/intermediates/merged_manifest/debug/processDebugManifest/AndroidManifest.xml:11:13-37
	android:initOrder
		ADDED from [:notifee_react-native] /home/boniface/project/BiblePABMobile/node_modules/@notifee/react-native/android/build/intermediates/merged_manifest/debug/processDebugManifest/AndroidManifest.xml:12:13-37
	android:name
		ADDED from [:notifee_react-native] /home/boniface/project/BiblePABMobile/node_modules/@notifee/react-native/android/build/intermediates/merged_manifest/debug/processDebugManifest/AndroidManifest.xml:9:13-68
service#io.invertase.firebase.messaging.ReactNativeFirebaseMessagingHeadlessService
ADDED from [:react-native-firebase_messaging] /home/boniface/project/BiblePABMobile/node_modules/@react-native-firebase/messaging/android/build/intermediates/merged_manifest/debug/processDebugManifest/AndroidManifest.xml:12:9-14:40
	android:exported
		ADDED from [:react-native-firebase_messaging] /home/boniface/project/BiblePABMobile/node_modules/@react-native-firebase/messaging/android/build/intermediates/merged_manifest/debug/processDebugManifest/AndroidManifest.xml:14:13-37
	android:name
		ADDED from [:react-native-firebase_messaging] /home/boniface/project/BiblePABMobile/node_modules/@react-native-firebase/messaging/android/build/intermediates/merged_manifest/debug/processDebugManifest/AndroidManifest.xml:13:13-103
service#io.invertase.firebase.messaging.ReactNativeFirebaseMessagingService
ADDED from [:react-native-firebase_messaging] /home/boniface/project/BiblePABMobile/node_modules/@react-native-firebase/messaging/android/build/intermediates/merged_manifest/debug/processDebugManifest/AndroidManifest.xml:15:9-21:19
	android:exported
		ADDED from [:react-native-firebase_messaging] /home/boniface/project/BiblePABMobile/node_modules/@react-native-firebase/messaging/android/build/intermediates/merged_manifest/debug/processDebugManifest/AndroidManifest.xml:17:13-37
	android:name
		ADDED from [:react-native-firebase_messaging] /home/boniface/project/BiblePABMobile/node_modules/@react-native-firebase/messaging/android/build/intermediates/merged_manifest/debug/processDebugManifest/AndroidManifest.xml:16:13-95
receiver#io.invertase.firebase.messaging.ReactNativeFirebaseMessagingReceiver
ADDED from [:react-native-firebase_messaging] /home/boniface/project/BiblePABMobile/node_modules/@react-native-firebase/messaging/android/build/intermediates/merged_manifest/debug/processDebugManifest/AndroidManifest.xml:23:9-30:20
	android:exported
		ADDED from [:react-native-firebase_messaging] /home/boniface/project/BiblePABMobile/node_modules/@react-native-firebase/messaging/android/build/intermediates/merged_manifest/debug/processDebugManifest/AndroidManifest.xml:25:13-36
	android:permission
		ADDED from [:react-native-firebase_messaging] /home/boniface/project/BiblePABMobile/node_modules/@react-native-firebase/messaging/android/build/intermediates/merged_manifest/debug/processDebugManifest/AndroidManifest.xml:26:13-73
	android:name
		ADDED from [:react-native-firebase_messaging] /home/boniface/project/BiblePABMobile/node_modules/@react-native-firebase/messaging/android/build/intermediates/merged_manifest/debug/processDebugManifest/AndroidManifest.xml:24:13-96
intent-filter#action:name:com.google.android.c2dm.intent.RECEIVE
ADDED from [:react-native-firebase_messaging] /home/boniface/project/BiblePABMobile/node_modules/@react-native-firebase/messaging/android/build/intermediates/merged_manifest/debug/processDebugManifest/AndroidManifest.xml:27:13-29:29
action#com.google.android.c2dm.intent.RECEIVE
ADDED from [:react-native-firebase_messaging] /home/boniface/project/BiblePABMobile/node_modules/@react-native-firebase/messaging/android/build/intermediates/merged_manifest/debug/processDebugManifest/AndroidManifest.xml:28:17-81
	android:name
		ADDED from [:react-native-firebase_messaging] /home/boniface/project/BiblePABMobile/node_modules/@react-native-firebase/messaging/android/build/intermediates/merged_manifest/debug/processDebugManifest/AndroidManifest.xml:28:25-78
meta-data#delivery_metrics_exported_to_big_query_enabled
ADDED from [:react-native-firebase_messaging] /home/boniface/project/BiblePABMobile/node_modules/@react-native-firebase/messaging/android/build/intermediates/merged_manifest/debug/processDebugManifest/AndroidManifest.xml:32:9-34:37
	android:value
		ADDED from [:react-native-firebase_messaging] /home/boniface/project/BiblePABMobile/node_modules/@react-native-firebase/messaging/android/build/intermediates/merged_manifest/debug/processDebugManifest/AndroidManifest.xml:34:13-34
	android:name
		ADDED from [:react-native-firebase_messaging] /home/boniface/project/BiblePABMobile/node_modules/@react-native-firebase/messaging/android/build/intermediates/merged_manifest/debug/processDebugManifest/AndroidManifest.xml:33:13-74
meta-data#firebase_messaging_auto_init_enabled
ADDED from [:react-native-firebase_messaging] /home/boniface/project/BiblePABMobile/node_modules/@react-native-firebase/messaging/android/build/intermediates/merged_manifest/debug/processDebugManifest/AndroidManifest.xml:35:9-37:36
	android:value
		ADDED from [:react-native-firebase_messaging] /home/boniface/project/BiblePABMobile/node_modules/@react-native-firebase/messaging/android/build/intermediates/merged_manifest/debug/processDebugManifest/AndroidManifest.xml:37:13-33
	android:name
		ADDED from [:react-native-firebase_messaging] /home/boniface/project/BiblePABMobile/node_modules/@react-native-firebase/messaging/android/build/intermediates/merged_manifest/debug/processDebugManifest/AndroidManifest.xml:36:13-64
meta-data#firebase_messaging_notification_delegation_enabled
ADDED from [:react-native-firebase_messaging] /home/boniface/project/BiblePABMobile/node_modules/@react-native-firebase/messaging/android/build/intermediates/merged_manifest/debug/processDebugManifest/AndroidManifest.xml:38:9-40:37
	android:value
		ADDED from [:react-native-firebase_messaging] /home/boniface/project/BiblePABMobile/node_modules/@react-native-firebase/messaging/android/build/intermediates/merged_manifest/debug/processDebugManifest/AndroidManifest.xml:40:13-34
	android:name
		ADDED from [:react-native-firebase_messaging] /home/boniface/project/BiblePABMobile/node_modules/@react-native-firebase/messaging/android/build/intermediates/merged_manifest/debug/processDebugManifest/AndroidManifest.xml:39:13-78
meta-data#com.google.firebase.messaging.default_notification_channel_id
ADDED from [:react-native-firebase_messaging] /home/boniface/project/BiblePABMobile/node_modules/@react-native-firebase/messaging/android/build/intermediates/merged_manifest/debug/processDebugManifest/AndroidManifest.xml:41:9-43:32
	android:value
		ADDED from [:react-native-firebase_messaging] /home/boniface/project/BiblePABMobile/node_modules/@react-native-firebase/messaging/android/build/intermediates/merged_manifest/debug/processDebugManifest/AndroidManifest.xml:43:13-29
	android:name
		ADDED from [:react-native-firebase_messaging] /home/boniface/project/BiblePABMobile/node_modules/@react-native-firebase/messaging/android/build/intermediates/merged_manifest/debug/processDebugManifest/AndroidManifest.xml:42:13-89


See https://developer.android.com/r/studio-ui/build/manifest-merger for more information about the manifest merger.

Build 81dc02e3-460c-437b-870a-15da611ba436 is closed
Build 76e7764e-2dff-4bda-b8bf-e3c8bacc96cd is closed

[Incubating] Problems report is available at: file:///home/boniface/project/BiblePABMobile/android/build/reports/problems/problems-report.html

FAILURE: Build failed with an exception.

* What went wrong:
Execution failed for task ':app:processDebugMainManifest'.
> Manifest merger failed : Attribute meta-data#com.google.firebase.messaging.default_notification_color@resource value=(@color/notification_color) from AndroidManifest.xml:62:9-53
  	is also present at [:react-native-firebase_messaging] AndroidManifest.xml:46:13-44 value=(@color/white).
  	Suggestion: add 'tools:replace="android:resource"' to <meta-data> element at AndroidManifest.xml:60:7-62:56 to override.

* Try:
> Run with --debug option to get more log output.
> Run with --scan to generate a Build Scan (Powered by Develocity).
> Get more help at https://help.gradle.org.

* Exception is:
org.gradle.api.tasks.TaskExecutionException: Execution failed for task ':app:processDebugMainManifest'.
	at org.gradle.api.internal.tasks.execution.ExecuteActionsTaskExecuter.lambda$executeIfValid$1(ExecuteActionsTaskExecuter.java:135)
	at org.gradle.internal.Try$Failure.ifSuccessfulOrElse(Try.java:288)
	at org.gradle.api.internal.tasks.execution.ExecuteActionsTaskExecuter.executeIfValid(ExecuteActionsTaskExecuter.java:133)
	at org.gradle.api.internal.tasks.execution.ExecuteActionsTaskExecuter.execute(ExecuteActionsTaskExecuter.java:121)
	at org.gradle.api.internal.tasks.execution.ProblemsTaskPathTrackingTaskExecuter.execute(ProblemsTaskPathTrackingTaskExecuter.java:41)
	at org.gradle.api.internal.tasks.execution.FinalizePropertiesTaskExecuter.execute(FinalizePropertiesTaskExecuter.java:46)
	at org.gradle.api.internal.tasks.execution.ResolveTaskExecutionModeExecuter.execute(ResolveTaskExecutionModeExecuter.java:51)
	at org.gradle.api.internal.tasks.execution.SkipTaskWithNoActionsExecuter.execute(SkipTaskWithNoActionsExecuter.java:57)
	at org.gradle.api.internal.tasks.execution.SkipOnlyIfTaskExecuter.execute(SkipOnlyIfTaskExecuter.java:74)
	at org.gradle.api.internal.tasks.execution.CatchExceptionTaskExecuter.execute(CatchExceptionTaskExecuter.java:36)
	at org.gradle.api.internal.tasks.execution.EventFiringTaskExecuter$1.executeTask(EventFiringTaskExecuter.java:77)
	at org.gradle.api.internal.tasks.execution.EventFiringTaskExecuter$1.call(EventFiringTaskExecuter.java:55)
	at org.gradle.api.internal.tasks.execution.EventFiringTaskExecuter$1.call(EventFiringTaskExecuter.java:52)
	at org.gradle.internal.operations.DefaultBuildOperationRunner$CallableBuildOperationWorker.execute(DefaultBuildOperationRunner.java:209)
	at org.gradle.internal.operations.DefaultBuildOperationRunner$CallableBuildOperationWorker.execute(DefaultBuildOperationRunner.java:204)
	at org.gradle.internal.operations.DefaultBuildOperationRunner$2.execute(DefaultBuildOperationRunner.java:66)
	at org.gradle.internal.operations.DefaultBuildOperationRunner$2.execute(DefaultBuildOperationRunner.java:59)
	at org.gradle.internal.operations.DefaultBuildOperationRunner.execute(DefaultBuildOperationRunner.java:166)
	at org.gradle.internal.operations.DefaultBuildOperationRunner.execute(DefaultBuildOperationRunner.java:59)
	at org.gradle.internal.operations.DefaultBuildOperationRunner.call(DefaultBuildOperationRunner.java:53)
	at org.gradle.api.internal.tasks.execution.EventFiringTaskExecuter.execute(EventFiringTaskExecuter.java:52)
	at org.gradle.execution.plan.LocalTaskNodeExecutor.execute(LocalTaskNodeExecutor.java:45)
	at org.gradle.execution.taskgraph.DefaultTaskExecutionGraph$InvokeNodeExecutorsAction.execute(DefaultTaskExecutionGraph.java:347)
	at org.gradle.execution.taskgraph.DefaultTaskExecutionGraph$InvokeNodeExecutorsAction.execute(DefaultTaskExecutionGraph.java:334)
	at org.gradle.execution.taskgraph.DefaultTaskExecutionGraph$BuildOperationAwareExecutionAction.lambda$execute$0(DefaultTaskExecutionGraph.java:330)
	at org.gradle.internal.operations.CurrentBuildOperationRef.with(CurrentBuildOperationRef.java:84)
	at org.gradle.execution.taskgraph.DefaultTaskExecutionGraph$BuildOperationAwareExecutionAction.execute(DefaultTaskExecutionGraph.java:330)
	at org.gradle.execution.taskgraph.DefaultTaskExecutionGraph$BuildOperationAwareExecutionAction.execute(DefaultTaskExecutionGraph.java:319)
	at org.gradle.execution.plan.DefaultPlanExecutor$ExecutorWorker.execute(DefaultPlanExecutor.java:459)
	at org.gradle.execution.plan.DefaultPlanExecutor$ExecutorWorker.run(DefaultPlanExecutor.java:376)
	at org.gradle.internal.concurrent.ExecutorPolicy$CatchAndRecordFailures.onExecute(ExecutorPolicy.java:64)
	at org.gradle.internal.concurrent.AbstractManagedExecutor$1.run(AbstractManagedExecutor.java:47)
Caused by: java.lang.RuntimeException: Manifest merger failed : Attribute meta-data#com.google.firebase.messaging.default_notification_color@resource value=(@color/notification_color) from AndroidManifest.xml:62:9-53
	is also present at [:react-native-firebase_messaging] AndroidManifest.xml:46:13-44 value=(@color/white).
	Suggestion: add 'tools:replace="android:resource"' to <meta-data> element at AndroidManifest.xml:60:7-62:56 to override.
	at com.android.build.gradle.internal.tasks.manifest.ManifestHelperKt.mergeManifests(ManifestHelper.kt:130)
	at com.android.build.gradle.internal.tasks.manifest.ManifestHelperKt.mergeManifests$default(ManifestHelper.kt:46)
	at com.android.build.gradle.tasks.ProcessApplicationManifest.doTaskAction(ProcessApplicationManifest.kt:173)
	at com.android.build.gradle.internal.tasks.NonIncrementalTask$taskAction$$inlined$recordTaskAction$1.invoke(BaseTask.kt:60)
	at com.android.build.gradle.internal.tasks.Blocks.recordSpan(Blocks.java:51)
	at com.android.build.gradle.internal.tasks.NonIncrementalTask.taskAction(NonIncrementalTask.kt:78)
	at org.gradle.internal.reflect.JavaMethod.invoke(JavaMethod.java:125)
	at org.gradle.api.internal.project.taskfactory.StandardTaskAction.doExecute(StandardTaskAction.java:58)
	at org.gradle.api.internal.project.taskfactory.StandardTaskAction.execute(StandardTaskAction.java:51)
	at org.gradle.api.internal.project.taskfactory.StandardTaskAction.execute(StandardTaskAction.java:29)
	at org.gradle.api.internal.tasks.execution.TaskExecution$3.run(TaskExecution.java:252)
	at org.gradle.internal.operations.DefaultBuildOperationRunner$1.execute(DefaultBuildOperationRunner.java:29)
	at org.gradle.internal.operations.DefaultBuildOperationRunner$1.execute(DefaultBuildOperationRunner.java:26)
	at org.gradle.internal.operations.DefaultBuildOperationRunner$2.execute(DefaultBuildOperationRunner.java:66)
	at org.gradle.internal.operations.DefaultBuildOperationRunner$2.execute(DefaultBuildOperationRunner.java:59)
	at org.gradle.internal.operations.DefaultBuildOperationRunner.execute(DefaultBuildOperationRunner.java:166)
	at org.gradle.internal.operations.DefaultBuildOperationRunner.execute(DefaultBuildOperationRunner.java:59)
	at org.gradle.internal.operations.DefaultBuildOperationRunner.run(DefaultBuildOperationRunner.java:47)
	at org.gradle.api.internal.tasks.execution.TaskExecution.executeAction(TaskExecution.java:237)
	at org.gradle.api.internal.tasks.execution.TaskExecution.executeActions(TaskExecution.java:220)
	at org.gradle.api.internal.tasks.execution.TaskExecution.executeWithPreviousOutputFiles(TaskExecution.java:203)
	at org.gradle.api.internal.tasks.execution.TaskExecution.execute(TaskExecution.java:170)
	at org.gradle.internal.execution.steps.ExecuteStep.executeInternal(ExecuteStep.java:105)
	at org.gradle.internal.execution.steps.ExecuteStep.access$000(ExecuteStep.java:44)
	at org.gradle.internal.execution.steps.ExecuteStep$1.call(ExecuteStep.java:59)
	at org.gradle.internal.execution.steps.ExecuteStep$1.call(ExecuteStep.java:56)
	at org.gradle.internal.operations.DefaultBuildOperationRunner$CallableBuildOperationWorker.execute(DefaultBuildOperationRunner.java:209)
	at org.gradle.internal.operations.DefaultBuildOperationRunner$CallableBuildOperationWorker.execute(DefaultBuildOperationRunner.java:204)
	at org.gradle.internal.operations.DefaultBuildOperationRunner$2.execute(DefaultBuildOperationRunner.java:66)
	at org.gradle.internal.operations.DefaultBuildOperationRunner$2.execute(DefaultBuildOperationRunner.java:59)
	at org.gradle.internal.operations.DefaultBuildOperationRunner.execute(DefaultBuildOperationRunner.java:166)
	at org.gradle.internal.operations.DefaultBuildOperationRunner.execute(DefaultBuildOperationRunner.java:59)
	at org.gradle.internal.operations.DefaultBuildOperationRunner.call(DefaultBuildOperationRunner.java:53)
	at org.gradle.internal.execution.steps.ExecuteStep.execute(ExecuteStep.java:56)
	at org.gradle.internal.execution.steps.ExecuteStep.execute(ExecuteStep.java:44)
	at org.gradle.internal.execution.steps.CancelExecutionStep.execute(CancelExecutionStep.java:42)
	at org.gradle.internal.execution.steps.TimeoutStep.executeWithoutTimeout(TimeoutStep.java:75)
	at org.gradle.internal.execution.steps.TimeoutStep.execute(TimeoutStep.java:55)
	at org.gradle.internal.execution.steps.PreCreateOutputParentsStep.execute(PreCreateOutputParentsStep.java:50)
	at org.gradle.internal.execution.steps.PreCreateOutputParentsStep.execute(PreCreateOutputParentsStep.java:28)
	at org.gradle.internal.execution.steps.RemovePreviousOutputsStep.execute(RemovePreviousOutputsStep.java:68)
	at org.gradle.internal.execution.steps.RemovePreviousOutputsStep.execute(RemovePreviousOutputsStep.java:38)
	at org.gradle.internal.execution.steps.BroadcastChangingOutputsStep.execute(BroadcastChangingOutputsStep.java:61)
	at org.gradle.internal.execution.steps.BroadcastChangingOutputsStep.execute(BroadcastChangingOutputsStep.java:26)
	at org.gradle.internal.execution.steps.CaptureOutputsAfterExecutionStep.execute(CaptureOutputsAfterExecutionStep.java:69)
	at org.gradle.internal.execution.steps.CaptureOutputsAfterExecutionStep.execute(CaptureOutputsAfterExecutionStep.java:46)
	at org.gradle.internal.execution.steps.ResolveInputChangesStep.execute(ResolveInputChangesStep.java:39)
	at org.gradle.internal.execution.steps.ResolveInputChangesStep.execute(ResolveInputChangesStep.java:28)
	at org.gradle.internal.execution.steps.BuildCacheStep.executeWithoutCache(BuildCacheStep.java:189)
	at org.gradle.internal.execution.steps.BuildCacheStep.lambda$execute$1(BuildCacheStep.java:75)
	at org.gradle.internal.Either$Right.fold(Either.java:176)
	at org.gradle.internal.execution.caching.CachingState.fold(CachingState.java:62)
	at org.gradle.internal.execution.steps.BuildCacheStep.execute(BuildCacheStep.java:73)
	at org.gradle.internal.execution.steps.BuildCacheStep.execute(BuildCacheStep.java:48)
	at org.gradle.internal.execution.steps.StoreExecutionStateStep.execute(StoreExecutionStateStep.java:46)
	at org.gradle.internal.execution.steps.StoreExecutionStateStep.execute(StoreExecutionStateStep.java:35)
	at org.gradle.internal.execution.steps.SkipUpToDateStep.executeBecause(SkipUpToDateStep.java:75)
	at org.gradle.internal.execution.steps.SkipUpToDateStep.lambda$execute$2(SkipUpToDateStep.java:53)
	at org.gradle.internal.execution.steps.SkipUpToDateStep.execute(SkipUpToDateStep.java:53)
	at org.gradle.internal.execution.steps.SkipUpToDateStep.execute(SkipUpToDateStep.java:35)
	at org.gradle.internal.execution.steps.legacy.MarkSnapshottingInputsFinishedStep.execute(MarkSnapshottingInputsFinishedStep.java:37)
	at org.gradle.internal.execution.steps.legacy.MarkSnapshottingInputsFinishedStep.execute(MarkSnapshottingInputsFinishedStep.java:27)
	at org.gradle.internal.execution.steps.ResolveIncrementalCachingStateStep.executeDelegate(ResolveIncrementalCachingStateStep.java:49)
	at org.gradle.internal.execution.steps.ResolveIncrementalCachingStateStep.executeDelegate(ResolveIncrementalCachingStateStep.java:27)
	at org.gradle.internal.execution.steps.AbstractResolveCachingStateStep.execute(AbstractResolveCachingStateStep.java:71)
	at org.gradle.internal.execution.steps.AbstractResolveCachingStateStep.execute(AbstractResolveCachingStateStep.java:39)
	at org.gradle.internal.execution.steps.ResolveChangesStep.execute(ResolveChangesStep.java:64)
	at org.gradle.internal.execution.steps.ResolveChangesStep.execute(ResolveChangesStep.java:35)
	at org.gradle.internal.execution.steps.ValidateStep.execute(ValidateStep.java:62)
	at org.gradle.internal.execution.steps.ValidateStep.execute(ValidateStep.java:40)
	at org.gradle.internal.execution.steps.AbstractCaptureStateBeforeExecutionStep.execute(AbstractCaptureStateBeforeExecutionStep.java:76)
	at org.gradle.internal.execution.steps.AbstractCaptureStateBeforeExecutionStep.execute(AbstractCaptureStateBeforeExecutionStep.java:45)
	at org.gradle.internal.execution.steps.AbstractSkipEmptyWorkStep.executeWithNonEmptySources(AbstractSkipEmptyWorkStep.java:136)
	at org.gradle.internal.execution.steps.AbstractSkipEmptyWorkStep.execute(AbstractSkipEmptyWorkStep.java:61)
	at org.gradle.internal.execution.steps.AbstractSkipEmptyWorkStep.execute(AbstractSkipEmptyWorkStep.java:38)
	at org.gradle.internal.execution.steps.legacy.MarkSnapshottingInputsStartedStep.execute(MarkSnapshottingInputsStartedStep.java:38)
	at org.gradle.internal.execution.steps.LoadPreviousExecutionStateStep.execute(LoadPreviousExecutionStateStep.java:36)
	at org.gradle.internal.execution.steps.LoadPreviousExecutionStateStep.execute(LoadPreviousExecutionStateStep.java:23)
	at org.gradle.internal.execution.steps.HandleStaleOutputsStep.execute(HandleStaleOutputsStep.java:75)
	at org.gradle.internal.execution.steps.HandleStaleOutputsStep.execute(HandleStaleOutputsStep.java:41)
	at org.gradle.internal.execution.steps.AssignMutableWorkspaceStep.lambda$execute$0(AssignMutableWorkspaceStep.java:35)
	at org.gradle.api.internal.tasks.execution.TaskExecution$4.withWorkspace(TaskExecution.java:297)
	at org.gradle.internal.execution.steps.AssignMutableWorkspaceStep.execute(AssignMutableWorkspaceStep.java:31)
	at org.gradle.internal.execution.steps.AssignMutableWorkspaceStep.execute(AssignMutableWorkspaceStep.java:22)
	at org.gradle.internal.execution.steps.ChoosePipelineStep.execute(ChoosePipelineStep.java:40)
	at org.gradle.internal.execution.steps.ChoosePipelineStep.execute(ChoosePipelineStep.java:23)
	at org.gradle.internal.execution.steps.ExecuteWorkBuildOperationFiringStep.lambda$execute$2(ExecuteWorkBuildOperationFiringStep.java:67)
	at org.gradle.internal.execution.steps.ExecuteWorkBuildOperationFiringStep.execute(ExecuteWorkBuildOperationFiringStep.java:67)
	at org.gradle.internal.execution.steps.ExecuteWorkBuildOperationFiringStep.execute(ExecuteWorkBuildOperationFiringStep.java:39)
	at org.gradle.internal.execution.steps.IdentityCacheStep.execute(IdentityCacheStep.java:46)
	at org.gradle.internal.execution.steps.IdentityCacheStep.execute(IdentityCacheStep.java:34)
	at org.gradle.internal.execution.steps.IdentifyStep.execute(IdentifyStep.java:47)
	at org.gradle.internal.execution.steps.IdentifyStep.execute(IdentifyStep.java:34)
	at org.gradle.internal.execution.impl.DefaultExecutionEngine$1.execute(DefaultExecutionEngine.java:64)
	at org.gradle.api.internal.tasks.execution.ExecuteActionsTaskExecuter.executeIfValid(ExecuteActionsTaskExecuter.java:132)
	... 29 more


Deprecated Gradle features were used in this build, making it incompatible with Gradle 10.

You can use '--warning-mode all' to show the individual deprecation warnings and determine if they come from your own scripts or plugins.

For more on this, please refer to https://docs.gradle.org/9.0.0/userguide/command_line_interface.html#sec:command_line_warnings in the Gradle documentation.

BUILD FAILED in 19s
145 actionable tasks: 135 executed, 10 up-to-date
